Daraz Like New Laptops - Apple MacBook Pro 2012 - 500GB Storage 8GB RAM - 2.5GHz Dual-Core Core i5 - Mid 2012 13.3-inch LED Display - Dual Operating System MacOS & Windows 10 - Silver,https://www.daraz.pk/products/daraz-like-new-laptops-apple-macbook-pro-2012-500gb-storage-8gb-ram-25ghz-dual-core-core-i5-mid-2012-133-inch-led-display-dual-operating-system-macos-windows-10-silver-i351100703-s1782734126.html?search=1,"Rs. 45,999",-43,Free Shipping
Daraz Like New Laptops - HP EliteBook 820 G4 - Core i5 7th Generation - 8GB DDR4 RAM - 128GB SSD AND 500GB HDD- 12.5inch Screen - FREE LAPTOP BAG,https://www.daraz.pk/products/daraz-like-new-laptops-hp-elitebook-820-g4-core-i5-7th-generation-8gb-ddr4-ram-128gb-ssd-and-500gb-hdd-125inch-screen-free-laptop-bag-i372051481-s1841202859.html?search=1,"Rs. 59,999",-17,Pakistan
HP ProBook 640 G1 - Core i5 4th Generation - 4GB RAM - 500GB HDD - 14inch Screen - Free Laptop Bag,https://www.daraz.pk/products/hp-probook-640-g1-core-i5-4th-generation-4gb-ram-500gb-hdd-14inch-screen-free-laptop-bag-i257193166-s1474063678.html?search=1,"Rs. 36,499",-57,Pakistan
"Apple MacBook Pro (13-inch, 2011) - 2.3GHz dual-core Intel Core i5 Processor - RAM 8GB DDR3 - 500GB HDDD - MacOS Installed",https://www.daraz.pk/products/apple-macbook-pro-13-inch-2011-23ghz-dual-core-intel-core-i5-processor-ram-8gb-ddr3-500gb-hddd-macos-installed-i403035517-s1944658041.html?search=1,"Rs. 42,500",-1,Free Shipping
Hp Elitebook 820 G3 - Core i5 6th Generation - 8GB DDR4 RAM - 256GB SSD - 12.5inch Screen - FREE LAPTOP BAG,https://www.daraz.pk/products/hp-820-g3-6th-i5-8gb-ddr4-256gb-ssd-i257192748-s1474080023.html?search=1,"Rs. 45,999",-46,Pakistan
Lenovo Thinkpad T470 - Core i5 7th Generation - 8GB DDR4 - 256GB SSD - 14inch Screen - FREE LAPTOP BAG,https://www.daraz.pk/products/lenovo-thinkpad-t470-core-i5-7th-generation-8gb-ddr4-256gb-ssd-14inch-screen-free-laptop-bag-i392480090-s1916507431.html?search=1,"Rs. 54,499",-21,Free Shipping
Dell Latitude E7470 - Core i7 6th Generation - 16GB DDR4 RAM - 256GB SSD - 14inch Screen - FREE LAPTOP BAG,https://www.daraz.pk/products/dell-latitude-e7470-core-i7-6th-generation-16gb-ddr4-ram-256gb-ssd-14inch-screen-free-laptop-bag-i370346316-s1833090195.html?search=1,"Rs. 59,999",-14,Pakistan
Hp Elitebook 820 G3 - Core i5 6th Generation - 8GB DDR4 RAM - 128GB SSD - 500GB HDD -12.5inch Screen - FREE LAPTOP BAG (Windows 11 Licensed),https://www.daraz.pk/products/hp-elitebook-820-g3-core-i5-6th-generation-8gb-ddr4-ram-128gb-ssd-500gb-hdd-125inch-screen-free-laptop-bag-windows-11-licensed-i416217439-s1977135986.html?search=1,"Rs. 44,999",-1,Pakistan
Lenovo Thinkpad X240 Core i5 4th Gen 8 GB RAM 128GB SSD & 500 GB HDD 12.5″ Windows 10 (Free Laptop Bag),https://www.daraz.pk/products/lenovo-thinkpad-x240-core-i5-4th-gen-8-gb-ram-128gb-ssd-500-gb-hdd-125-windows-10-free-laptop-bag-i410477423-s1963367671.html?search=1,"Rs. 34,999",-2,Free Shipping
Dell Latitude E7470 - Core i7 6th Generation - 8GB DDR4 RAM - 256GB SSD - 14inch Screen - FREE LAPTOP BAG,https://www.daraz.pk/products/dell-latitude-e7470-core-i7-6th-generation-8gb-ddr4-ram-256gb-ssd-14inch-screen-free-laptop-bag-i317403484-s1683718893.html?search=1,"Rs. 54,499",-14,Pakistan
"HP EliteBook 840 G3 - 14” HD, Intel Core i5-6200U 2.4Ghz, 6th Gen 8GB DDR4 Ram 128GB SSD + 500GB HDD Windows 10 Pro 64bit",https://www.daraz.pk/products/hp-elitebook-840-g3-14-hd-intel-core-i5-6200u-24ghz-6th-gen-8gb-ddr4-ram-128gb-ssd-500gb-hdd-windows-10-pro-64bit-i176228441-s1349902707.html?search=1,"Rs. 51,999",-61,Pakistan
"HP Probook 640 G2 14"" , Core i5-6300U 2.4GHz, 8GB RAM, 500GB HDD Drive, Windows 10 Pro 64Bit,",https://www.daraz.pk/products/hp-probook-640-g2-14-fhd-core-i5-6300u-24ghz-8gb-ram-500gb-hdd-drive-windows-10-pro-64bit-i269382144-s1483355617.html?search=1,"Rs. 44,999",-50,Pakistan
Lenovo Ideapad 330 - Intel Celeron N4000 - 15.6 HD Laptop - 4GB RAM - 1TB HDD - DOS - 1 Year Lenovo Official Warranty,https://www.daraz.pk/products/1-4-hd-n4000-4gb-1tb-hdd-dos-i17455720-s1355494987.html?search=1,"Rs. 85,000",-81,Free Shipping
HP ELITEBOOK 840-G5 8TH GENERATION | INTEL CORE-I5 | 8250u PROCESSOR | 16GB RAM | 512GB SSD | FHD | 14.1’INCH DISPLAY | SILVER | WIN11 PRO | REGITERED (FREE LAPTOP BAG),https://www.daraz.pk/products/hp-elitebook-840-g5-8th-generation-intel-core-i5-8250u-processor-16gb-ram-512gb-ssd-fhd-141inch-display-silver-win11-pro-regitered-free-laptop-bag-i416212287-s1977135295.html?search=1,"Rs. 84,999",-2,Pakistan
"MacBook Air i5 (13-inch, Early 2015) 8gb 128gb",https://www.daraz.pk/products/i5-13-2015-8gb-128gb-i369903963-s1863143859.html?search=1,"Rs. 73,000",-2,Free Shipping
Apple MacBook Pro 2012 - 128GB Storage 4GB RAM - 2.5GHz Dual-Core Core i5 - Mid 2012 13.3-inch LED Display - Dual Operating System MacOS & Windows 10 - Silver,https://www.daraz.pk/products/apple-macbook-pro-2012-128gb-storage-4gb-ram-25ghz-dual-core-core-i5-mid-2012-133-inch-led-display-dual-operating-system-macos-windows-10-silver-i130420329-s1291126683.html?search=1,"Rs. 41,999",-53,Free Shipping
"Dell Latitude 3189 Hybrid (2-in-1) - 11.6"" Touchscreen - Intel® Pentium® 6th Generation (N4200) - 8GB RAM - 256GB SSD - Windows 11 (Licensed) - FREE LAPTOP BAG",https://www.daraz.pk/products/dell-latitude-3189-hybrid-2-in-1-116-touchscreen-intel-pentium-6th-generation-n4200-8gb-ram-256gb-ssd-windows-11-licensed-free-laptop-bag-i352858681-s1957248897.html?search=1,"Rs. 37,999",-14,Free Shipping
AppleMacBook Pro 2014 8GB 128GB SSD Core i5,https://www.daraz.pk/products/ssd-i5-8gb-2014-gb-i367413763-s1822802918.html?search=1,"Rs. 99,999",-1,Pakistan
Lenovo ThinkPad T450 - 14 Inch - Intel i5-5300U 2.30GHz - 8 GB RAM - 500GB HDD - Windows 10 Pro,https://www.daraz.pk/products/14-t450-8-gb-i5-5300u-ghz-hdd-230-gb-10-i250333650-s1468089716.html?search=1,"Rs. 37,999",-32,Pakistan
"HP EliteBook 840 G3 - 14” HD, Intel Core i5-6200U 2.4Ghz, 6th Gen 8GB DDR4, 128GB SSD + 500GB HDD, Windows 10 64 bit",https://www.daraz.pk/products/hp-elitebook-840-g3-14-hd-intel-core-i5-6200u-24ghz-6th-gen-8gb-ddr4-128gb-ssd-500gb-hdd-windows-10-64-bit-i269374628-s1483356371.html?search=1,"Rs. 52,999",-52,Pakistan
"MacBook Pro (Retina, 15-inch, Mid 2015) - Core i7 processor (Turbo Boost up to 3.4GHz) - RAM 16GB DDR3L - 512GB SSD Flash Storage - MacOS Installed",https://www.daraz.pk/products/macbook-pro-retina-15-inch-mid-2015-core-i7-processor-turbo-boost-up-to-34ghz-ram-16gb-ddr3l-512gb-ssd-flash-storage-macos-installed-i404265804-s1948798193.html?search=1,"Rs. 130,500",-1,Free Shipping
HP - EliteBook 840G5 - CORE I5 -8TH GENERATION- 8GB RAM - 512GB SSD - Windows® 10 Activated - FREE LAPTOP BAG,https://www.daraz.pk/products/hp-840g5-8th-i5-8gb-8gb-ssd10-i370337850-s1833084053.html?search=1,"Rs. 79,999",-1,Pakistan
"AppleMacbook A1342 13.3"" Display 4GB RAM 128GB SSD",https://www.daraz.pk/products/a1342-4gb-4gb-ssd-133-gb-i338826644-s1751387791.html?search=1,"Rs. 50,000",,Pakistan
HP EliteBook 840 G3 - Core i7 6th Generation - 16GB RAM - 256GB SSD - 14inch Screen - FREE LAPTOP BAG,https://www.daraz.pk/products/hp-840-g3-6th-i7-16gb-14-14-gb-ssd-256gb-i370346528-s1833084754.html?search=1,"Rs. 66,999",-3,Pakistan
HP EliteBook 840 G3 - Core i7 6th Generatio - 8GB RAM - 256GB SSD - 14inch Screen - FREE LAPTOP BAG,https://www.daraz.pk/products/hp-elitebook-840-g3-core-i7-6th-generatio-8gb-ram-256gb-ssd-14inch-screen-free-laptop-bag-i272619387-s1485791268.html?search=1,"Rs. 59,999",-39,Pakistan
MacBook Pro Mid 2009 | 13 inches | Intel Core 2 Duo 2.53 GHz Processor | 4GB Ram | 128GB SSD | Silver | Used |,https://www.daraz.pk/products/macbook-pro-mid-2009-13-inches-intel-core-2-duo-253-ghz-processor-4gb-ram-128gb-ssd-silver-used-i375307406-s1950034682.html?search=1,"Rs. 31,500",,Free Shipping
"Apple MacBook Pro (13-inch, Mid 2012) - 2.5GHz dual-core Intel Core i5 - RAM 8GB DDR3 - 256GB SSD - 13.3 Inches Glossy Display - MacOS Installed",https://www.daraz.pk/products/apple-macbook-pro-13-inch-mid-2012-25ghz-dual-core-intel-core-i5-ram-8gb-ddr3-256gb-ssd-133-inches-glossy-display-macos-installed-i401836217-s1943008050.html?search=1,"Rs. 46,800",,Free Shipping
Dell Latitude 7290 - Core i5 8th Generation - 16GB RAM - 512GB SSD - 12.5inch Screen - FREE LAPTOP BAG (Windows 11 Licensed),https://www.daraz.pk/products/dell-latitude-7290-core-i5-8th-generation-16gb-ram-512gb-ssd-125inch-screen-free-laptop-bag-windows-11-licensed-i410484264-s1963375735.html?search=1,"Rs. 69,999",-1,Free Shipping
"Daraz Like New Laptops - HP EliteBook 840 G3 14” HD, Intel Core i5-6200U 2.4Ghz, 6th Gen 8GB DDR4 RAM 128GB SSD + 500GB HDD Windows 10 Pro 64bit",https://www.daraz.pk/products/daraz-like-new-laptops-hp-elitebook-840-g3-14-hd-intel-core-i5-6200u-24ghz-6th-gen-8gb-ddr4-ram-128gb-ssd-500gb-hdd-windows-10-pro-64bit-i349393063-s1780160650.html?search=1,"Rs. 54,999",-17,Pakistan
Dell Latitude 7290 - Core i5 8th Generation - 8GB RAM - 256GB SSD - 12.5inch Screen - FREE LAPTOP BAG,https://www.daraz.pk/products/dell-latitude-7290-core-i5-8th-generation-8gb-ram-256gb-ssd-125inch-screen-free-laptop-bag-i392490548-s1916515957.html?search=1,"Rs. 60,999",-2,Free Shipping
Apple Macbook A1278 13.3 LED Display - IntelÂ® Coreâ¢2 Duo Processor 4GB RAM - 250GB HDD - Dual Operating System WindowsÂ® & IOS (Activated),https://www.daraz.pk/products/uu-uu-u-a1278-133-led-uuu-uuuauua2-uuu-uu-4gb-u-hdd-250gb-uuu-uuuu-uu-uuuuau-ios-uuuuu-i2947644-s12002241.html?search=1,"Rs. 32,000",-15,Free Shipping
HP ELITEBOOK 840-G5 8TH GENERATION | INTEL CORE-I5 | 8250u PROCESSOR | 16GB RAM | 256GB SSD | FHD | 14.1’INCH DISPLAY | SILVER | WIN11 PRO | REGISTERED (FREE LAPTOP BAG),https://www.daraz.pk/products/hp-elitebook-840-g5-8th-generation-intel-core-i5-8250u-processor-16gb-ram-256gb-ssd-fhd-141inch-display-silver-win11-pro-registered-free-laptop-bag-i376480449-s1862263818.html?search=1,"Rs. 84,999",-2,Free Shipping
"Lenovo Thinkpad T460 14-Inch Laptop ( Intel Core i5-6300U Dual-Core 2.4GHz, 8GB DDR3, 500GB HDD, Windows 10 Pro",https://www.daraz.pk/products/lenovo-thinkpad-t460-14-inch-laptop-intel-core-i5-6300u-dual-core-24ghz-1920-x-1080p-8gb-ddr3-500gb-hdd-windows-10-pro-i250328387-s1468091163.html?search=1,"Rs. 42,999",-25,Pakistan
HP EliteBook 840 G3 ( TOUCHSCREEN) - Core i5 6th Generation - 8 GB RAM - 256 GB SSD with 500GB HDD - 14inch Screen - FREE LAPTOP BAG,https://www.daraz.pk/products/hp-840-g3-6th-i5-8-gb-14-14-gb-hdd-ssd-256-gb-i257191534-s1474060754.html?search=1,"Rs. 58,999",-21,Pakistan
"MacBook Air (13-inch, Early 2015) 4gb 128gb",https://www.daraz.pk/products/macbook-air-13-inch-early-2015-4gb-128gb-i403043203-s1950044645.html?search=1,"Rs. 65,000",,Pakistan
"MacBook Pro (13-inch, Mid 2012) 8gb 500 GB HDD WITH BAG AND CHARGER",https://www.daraz.pk/products/13-2012-gb-8gb-hdd-i366063367-s1838787629.html?search=1,"Rs. 50,000",,Pakistan
Mac Book Pro 2012 | 500GB Storage | 4GB RAM | 2.5GHz Dual-Core Core i5 | Mid 2012 | 13.3-inch LED Display | 7 Hours Battery,https://www.daraz.pk/products/mac-4gb-2012-ghz-i5-ace-500-led-7-i390744699-s1914704746.html?search=1,"Rs. 59,999",,Pakistan
"Lenovo Core i5 3rd Generation - 8GB ram , 500GB Hard Drive - 2 Hours+ Battery Backup",https://www.daraz.pk/products/lenovo-core-i5-3rd-generation-8gb-ram-500gb-hard-drive-2-hours-battery-backup-i342470118-s1761690830.html?search=1,"Rs. 35,500",-12,Pakistan
Dell Latitude E7470 - Core i7 6th Generation - 8GB DDR4 RAM - 256GB SSD - 14inch Screen - FREE LAPTOP BAG (WINDOWS 11 REGISTERED),https://www.daraz.pk/products/dell-latitude-e7470-core-i7-6th-generation-8gb-ddr4-ram-256gb-ssd-14inch-screen-free-laptop-bag-windows-11-registered-i392523284-s1916549823.html?search=1,"Rs. 58,999",-5,Free Shipping
Apple Macbook Air Early 2015 Ci5 8GB 128GB,https://www.daraz.pk/products/apple-macbook-air-early-2015-ci5-8gb-128gb-i375429817-s1949552727.html?search=1,"Rs. 73,000",,Free Shipping
Dell Laptop 3480 - Core i5 7th Generation - 8GB RAM - 256GB SSD - 14inch Screen - FREE LAPTOP BAG,https://www.daraz.pk/products/dell-laptop-3480-core-i5-7th-generation-8gb-ram-256gb-ssd-14inch-screen-free-laptop-bag-i385438609-s1907206550.html?search=1,"Rs. 51,999",-7,Pakistan
"2011 Apple 13.3"" MacBook Pro Core i5, 4gb/500gb Laptop",https://www.daraz.pk/products/2011-133-i5-4gb500gb-i370278600-s1863147279.html?search=1,"Rs. 46,000",,Free Shipping
"MacBook Pro (13-inch, Mid 2012) 4gb 128 GB SSD WITH BAG AND CHARGER",https://www.daraz.pk/products/macbook-pro-13-inch-mid-2012-4gb-128-gb-ssd-with-bag-and-charger-i365621240-s1838789580.html?search=1,"Rs. 50,000",,Pakistan
"2011 Apple MacBook Pro Core i5, 4gb/500gb and 8gb 500Gb Laptop slightly used but in good condition",https://www.daraz.pk/products/2011-i5-4gb500gb-8gb-500gb-i366644263-s1838786794.html?search=1,"Rs. 45,000",,Pakistan
"Early 2015Apple MacBook Air with 1.6GHz Intel Core i5 (11.6 inch, 128 GB SSD, 4 GB RAM)",https://www.daraz.pk/products/early-2015apple-macbook-air-with-16ghz-intel-core-i5-116-inch-128-gb-ssd-4-gb-ram-i365612821-s1838793121.html?search=1,"Rs. 70,000",,Pakistan
Dell Latitude E5450 Intel Core 5th Generation i5 i5-5300U 4GB DDR3L 500GB 7200RPM HDD Webcam Windows 10 Pro,https://www.daraz.pk/products/e5450-5th-i5-8gb-ddr3l-i5-5300u-gb-hdd-10-i269383045-s1483364310.html?search=1,"Rs. 39,999",-13,Pakistan
HP 255 G4 AMD A6 6th Gen 4GB Ram 500 GB Hard Drive A-Plus Condition,https://www.daraz.pk/products/hp-255-g4-amd-a6-6th-gen-4gb-ram-500-gb-hard-drive-a-plus-condition-i263884520-s1480673620.html?search=1,"Rs. 40,000",-3,Pakistan
HP EliteBook 840 G3 ( TOUCHSCREEN) - Core i5 6th Generation - 8 GB RAM - 256 GB SSD with 500GB HDD - 14inch Screen - FREE LAPTOP BAG (Registered Windows 10),https://www.daraz.pk/products/hp-elitebook-840-g3-touchscreen-core-i5-6th-generation-8-gb-ram-256-gb-ssd-with-500gb-hdd-14inch-screen-free-laptop-bag-registered-windows-10-i315825914-s1673011064.html?search=1,"Rs. 61,999",-5,Free Shipping
"MacBook Pro (13-inch, Mid 2012) 4gb 500Gb with Charger",https://www.daraz.pk/products/macbook-pro-13-inch-mid-2012-4gb-500gb-with-charger-i365646141-s1818347122.html?search=1,"Rs. 46,000",-2,Free Shipping
Lenovo ThinkPad T450 - 14 Inch - Intel i5-5300U 2.30GHz - 8 GB RAM - 500GB HDD - Windows 10 Pro - FREE LAPTOP BAG,https://www.daraz.pk/products/14-t450-8-gb-i5-5300u-ghz-hdd-230-gb-10-i257386580-s1474369823.html?search=1,"Rs. 37,999",-10,Pakistan
Dell Latitude 5490 - Core i5 8th Generation - 8GB RAM - 256GB SSD - 14inch Screen - FREE LAPTOP BAG,https://www.daraz.pk/products/dell-latitude-5490-core-i5-8th-generation-8gb-ram-256gb-ssd-14inch-screen-free-laptop-bag-i392488101-s1916522158.html?search=1,"Rs. 65,999",-1,Free Shipping
Dell Latitude 5490 ( TOUCH SCREEN )- Core i5 7th Generation - 8GB RAM - 256GB SSD - 14inch Screen - FREE LAPTOP BAG,https://www.daraz.pk/products/5490-7th-i5-8gb-14-i363382732-s1814433875.html?search=1,"Rs. 54,999",-2,Pakistan
Dell laptop 3480 - Core i5 6th Generation - 8GB RAM - 256GB SSD - 14inch Screen - Free Laptop Bag,https://www.daraz.pk/products/dell-laptop-3480-core-i5-6th-generation-8gb-ram-256gb-ssd-14inch-screen-free-laptop-bag-i385254605-s1905597756.html?search=1,"Rs. 49,999",-12,Pakistan
"Dell Latitude E7470 Laptop, 14"" HD, Intel Core i7-6600U (6th gen), 8GB DDR4, 256GB SSD, Windows 10 Pro",https://www.daraz.pk/products/e7470-14-hd-i7-6600u-6th-8gb-ddr4-256gb-ssd-10-i206044201-s1410492595.html?search=1,"Rs. 61,999",-15,Pakistan
Lenovo Thinkpad T470 - Core i5 7th Generation - 8GB DDR4 - 256GB SSD - 14inch Screen - FREE LAPTOP BAG,https://www.daraz.pk/products/lenovo-thinkpad-t470-core-i5-7th-generation-8gb-ddr4-256gb-ssd-14inch-screen-free-laptop-bag-i392479748-s1916511576.html?search=1,"Rs. 54,999",-2,Free Shipping
Daraz Like New Laptops - Dell Latitude 5491 Laptop 14 HD Intel Core i5 8th Gen i5-8300H Quad Core 4Ghz 8GB RAM 256 GB SSD Windows 10 Pro,https://www.daraz.pk/products/daraz-like-new-laptops-dell-latitude-5491-laptop-14-hd-intel-core-i5-8th-gen-i5-8300h-quad-core-4ghz-8gb-ram-256-gb-ssd-windows-10-pro-i378324009-s1866034770.html?search=1,"Rs. 66,999",-7,Pakistan
HP ELITEBOOK 840-G5 8TH GENERATION | INTEL CORE-I5 | 8250u PROCESSOR | 16GB RAM | 512GB SSD | FHD | 14.1’INCH (TOUCHSCREEN) WINDOWS 11 ACTIVATED,https://www.daraz.pk/products/hp-elitebook-840-g5-8th-generation-intel-core-i5-8250u-processor-16gb-ram-512gb-ssd-fhd-141inch-touchscreen-windows-11-activated-i383668373-s1885464348.html?search=1,"Rs. 119,999",-3,Free Shipping
LAPTOP HP - EliteBook 840G5 - CORE I5 -8TH GENERATION- 8GB RAM - 256GB SSD - Windows® 10 Activated - FREE LAPTOP BAG,https://www.daraz.pk/products/hp-840g5-8th-i5-8gb-8gb-ssd10-i364727957-s1922306011.html?search=1,"Rs. 76,999",-1,Pakistan
Lenovo Thinkpad T480 - Core i5 8th Generation - 8GB DDR4 - 256GB SSD - 14inch Screen - FREE LAPTOP BAG,https://www.daraz.pk/products/t480-8th-i5-8gb-ddr4-14-i379812318-s1873125371.html?search=1,"Rs. 68,999",-3,Pakistan
_Dell Core i7-7th Generation|16GB RAM 512GB SSD[Hard Drive]|4Hours+ Battery Backup|E7280,https://www.daraz.pk/products/4-e7280-i377756373-s1863905514.html?search=1,"Rs. 112,000",-6,Pakistan
"Dell Core i7-8th Generation | 16GB RAM , 512GB SSD Hard | 2K HD Display | 6Hours+ Battery Backup | FREE LAPTOP BAG",https://www.daraz.pk/products/dell-core-i7-8th-generation-16gb-ram-512gb-ssd-hard-2k-hd-display-6hours-battery-backup-free-laptop-bag-i385799420-s1956728757.html?search=1,"Rs. 125,000",-6,Pakistan
"Lenovo Thinkpad X240 Ultrabook ( 12.5-inch Display, i5-4300U 3.3GHz, 8GB RAM, 500GB, Windows 10 Pro (FREE LAPTOP BAG)",https://www.daraz.pk/products/lenovo-thinkpad-x240-ultrabook-125-inch-display-i5-4300u-33ghz-8gb-ram-500gb-windows-10-pro-free-laptop-bag-i352869834-s1785830566.html?search=1,"Rs. 30,999",-3,Free Shipping
"Acer TravelMate P449-M-516P i5-6300U Notebook 35.6 cm (14"") HD Intel® Core™ i5 4 GB DDR4-SDRAM 256 GB SSD Windows 10 Professional Black",https://www.daraz.pk/products/acer-travelmate-p449-m-516p-i5-6300u-notebook-356-cm-14-hd-intel-core-i5-4-gb-ddr4-sdram-256-gb-ssd-windows-10-professional-black-i422601209-s1999743449.html?search=1,"Rs. 41,999",,Free Shipping
"Daraz Like New Laptops - HP 255 G6 15.6"" Laptop, AMD A6 Dual-Core Processor , 4GB RAM, 500GB HDD, AMD Radeon R4 Graphics, DVD-RW, HDMI, Bluetooth, HDMI, Webcam, Windows 10",https://www.daraz.pk/products/daraz-like-new-laptops-hp-255-g6-156-laptop-amd-a6-dual-core-processor-4gb-ram-500gb-hdd-amd-radeon-r4-graphics-dvd-rw-hdmi-bluetooth-hdmi-webcam-windows-10-i350960138-s1782322544.html?search=1,"Rs. 35,999",-6,Free Shipping
"Lenovo ThinkPad T440 i5-4300U Notebook 35.6 cm (14"") Intel® Core™ i5 8 GB DDR3L-SDRAM 500 GB HDD Black",https://www.daraz.pk/products/t440-i5-4300u-356-14-i5-8-gb-ddr3l-sdram-gb-hdd-i406711467-s1954620458.html?search=1,"Rs. 35,999",,Free Shipping
Dell Latitude E5450 Intel Core 5th Generation i5 i5-5300U 8GB DDR3L 500GB 7200RPM HDD Webcam Windows 10 Pro,https://www.daraz.pk/products/e5450-5th-i5-8gb-ddr3l-i5-5300u-gb-hdd-10-i121226791-s1276736028.html?search=1,"Rs. 41,999",-14,Pakistan
"Daraz Like New Laptops - Lenovo ThinkPad T460s 14 "" FHD Display, Intel i5-6300U 6th Gen 2.6 GHz, 8 GB RAM, 256 GB SSD, Windows 10 Pro 64 bit",https://www.daraz.pk/products/daraz-like-new-laptops-lenovo-thinkpad-t460s-14-fhd-display-intel-i5-6300u-6th-gen-26-ghz-8-gb-ram-256-gb-ssd-windows-10-pro-64-bit-i351069033-s1782418696.html?search=1,"Rs. 52,999",-1,Pakistan
Hp EliteBook 850 G3 - Core i7 6th Generation - 8GB DDR4 - 256GB SSD - 15.6inch Screen ( NUMPAD ) - FREE LAPTOP BAG,https://www.daraz.pk/products/hp-elitebook-850-g3-core-i7-6th-generation-8gb-ddr4-256gb-ssd-156inch-screen-numpad-free-laptop-bag-i383065786-s1884705507.html?search=1,"Rs. 69,999",-1,Pakistan
Lenovo Thinkpad T470 - Core i5 7th Generation - 8GB DDR4 - 256GB SSD - 14inch Screen - FREE LAPTOP BAG,https://www.daraz.pk/products/lenovo-thinkpad-t470-core-i5-7th-generation-8gb-ddr4-256gb-ssd-14inch-screen-free-laptop-bag-i379803874-s1873113681.html?search=1,"Rs. 51,499",-6,Pakistan
DELL LATITUDE Mixed - Intel Core i5 3rd Generation - 4GB Ram - 250GB Hard disk - 14 &15 inches Screen - Just Like New Fresh Imported American Stock FREE LAPTOP BAG,https://www.daraz.pk/products/3rd-i5-4gb-250gb-14-15-i264326301-s1480860802.html?search=1,"Rs. 35,000",-5,Pakistan
Apple_MacBook A1278 (2009/10 Series) 13.3 Display 8GB RAM - 500GB HDD - Dual Operating System Windows® 10 & macOS high Sierra 10.12 (Activated),https://www.daraz.pk/products/apple_-a1278-200910-4gb-133-gb-hdd-10-1012-i289200834-s1554844209.html?search=1,"Rs. 49,999",-1,Pakistan
Dell Latitude 7440 - Core I5 4th generation - Ram 8GB DDR3 - 500GB HDD - 14Inches Display - Windows 10 Activated,https://www.daraz.pk/products/dell-latitude-7440-core-i5-4th-generation-ram-8gb-ddr3-500gb-hdd-14inches-display-windows-10-activated-i413408664-s1971195466.html?search=1,"Rs. 41,500",,Free Shipping
"_Dell Core i5 6th Generation - 16gb ram , 256gb SSD Hard Drive - Original Adapter Charger Included",https://www.daraz.pk/products/6th-i5-16gb-25gb-ssd-i341701249-s1759056929.html?search=1,"Rs. 69,500",-8,Pakistan
Daraz Like New Laptops - Apple MacBook Pro 2012 A1286 15.4 LED Display - Intel® Core™ i7 Processor 8GB RAM - 256GB SSD MacOS Catalina 10.15 (Activated),https://www.daraz.pk/products/daraz-like-new-laptops-apple-macbook-pro-2012-a1286-154-led-display-intel-core-i7-processor-8gb-ram-256gb-ssd-macos-catalina-1015-activated-i371398285-s1838164435.html?search=1,"Rs. 54,999",-6,Pakistan
Hp Gaming Laptop - Zbook G3 - Core I7 6th Generation - 16GB RAM - 512GB SSD - 2GB Graphic Card - 15.6 Inch - Windows® 10 Activated - Free Laptop Bag,https://www.daraz.pk/products/hp-gaming-laptop-zbook-g3-core-i7-6th-generation-16gb-ram-512gb-ssd-2gb-graphic-card-156-inch-windows-10-activated-free-laptop-bag-i422097220-s1997052133.html?search=1,"Rs. 136,999",,Pakistan
Dell Latitude E7450 - Core i5 5th Generation - 4GB RAM - 500GB HDD - 14inch Screen,https://www.daraz.pk/products/e7450-5th-i5-4gb-14-hdd-500gb-i406682088-s1954568763.html?search=1,"Rs. 40,999",-1,Free Shipping
Dell Latitude E7470 - Core i5 6th Generation - 8GB DDR4 RAM - 256GB SSD - 14inch Screen - FREE LAPTOP BAG (Windows 11 Activated),https://www.daraz.pk/products/dell-latitude-e7470-core-i5-6th-generation-8gb-ddr4-ram-256gb-ssd-14inch-screen-free-laptop-bag-windows-11-activated-i315521575-s1670521877.html?search=1,"Rs. 49,999",-3,Free Shipping
Toshiba Portege Z20t-B Core M 5th Generation 8 GB Ram 256 GB SSD Touch Screen Detachable Laptop 2K Display,https://www.daraz.pk/products/z20t-b-m-5th-8-gb-ssd-256-gb-2k-i418376887-s1982025542.html?search=1,"Rs. 42,000",,Free Shipping
"DELL Latitude 3189, Intel Pentium N4200 Quad-Core (1.1 GHz), 8 GB DDR3L Ram, 256 GB SSD, Intel HD Graphics 505, 11.6"" Touchscreen 1366 x 768 Convertible 2-in-1 Laptop Windows 11 Pro 64-Bit (Registered Windows)",https://www.daraz.pk/products/dell-latitude-3189-intel-pentium-n4200-quad-core-11-ghz-8-gb-ddr3l-ram-256-gb-ssd-intel-hd-graphics-505-116-touchscreen-1366-x-768-convertible-2-in-1-laptop-windows-11-pro-64-bit-registered-windows-i392967716-s1916972431.html?search=1,"Rs. 38,999",,Free Shipping
Lenovo ThinkPad X1 Carbon 14inch Core i7-6600U 6th Gen 8GB Ram 256GB SSD Windows 10 Professional,https://www.daraz.pk/products/x1-14-8gb-8gb-10-gb-ssd-10-i269981913-s1483709443.html?search=1,"Rs. 67,999",-1,Pakistan
HP EliteBook 840 G3 - Core i5 6th Generation - 8 GB RAM - 256 GB SSD with 500gb HDD - 14inch Screen - FREE LAPTOP BAG,https://www.daraz.pk/products/hp-840-g3-6th-i5-8-gb-14-14-gb-hdd-ssd-256-gb-i257200095-s1474068284.html?search=1,"Rs. 54,999",-6,Pakistan
Dell Latitude 7490 14'' HD Intel Core i5-8250U 1.60GHz 8GB 256GB SSD Windows 10 pro,https://www.daraz.pk/products/7490-14-hd-10-8gb-i5-8250u-ghz-i269376203-s1483352716.html?search=1,"Rs. 73,499",-3,Pakistan
HP ProBook 640 G1 - Core i5 4th Generation - 4GB RAM - 500GB HDD,https://www.daraz.pk/products/hp-probook-640-g1-core-i5-4th-generation-4gb-ram-500gb-hdd-i418080166-s1981462940.html?search=1,"Rs. 37,500",-1,Pakistan
"Daraz Like New Laptops - Dell Latitude E3340 13.3"" Laptop, Intel Core i5, 4GB RAM, 500GB HDD, Window 10 Pro",https://www.daraz.pk/products/daraz-like-new-laptops-dell-latitude-e3340-133-laptop-intel-core-i5-4gb-ram-500gb-hdd-window-10-pro-i350275475-s1781490421.html?search=1,"Rs. 36,999",-3,Pakistan
Dell Latitude 5490 - Core i5 8th Generation - 8GB RAM - 256GB SSD - 14inch Screen - FREE LAPTOP BAG,https://www.daraz.pk/products/dell-latitude-5490-core-i5-8th-generation-8gb-ram-256gb-ssd-14inch-screen-free-laptop-bag-i419752877-s1984615177.html?search=1,"Rs. 59,999",,Pakistan
"HP Core i7 7th Generation | 32GB RAM , 128GB SSD + 500GB Hard Drive | 4Hours+ Battery Backup | HP 840 G4",https://www.daraz.pk/products/hp-core-i7-7th-generation-32gb-ram-128gb-ssd-500gb-hard-drive-4hours-battery-backup-hp-840-g4-i350298735-s1921229912.html?search=1,"Rs. 138,000",-13,Pakistan
"Lenovo Thinkpad T460 14-Inch Laptop ( Intel Core i5-6300U Dual-Core 2.4GHz, 8GB DDR3, 500GB HDD, Windows 10 Pro",https://www.daraz.pk/products/t460-14-i5-6300u-ghz-8gb-ddr3-24-gb-hdd-10-i269382392-s1483354695.html?search=1,"Rs. 42,999",-6,Pakistan
I-life Zed Air Laptop | Intel Celeron,https://www.daraz.pk/products/-i422687905-s2000599968.html?search=1,"Rs. 35,000",,Pakistan
"HP EliteBook 840 G4 14"" HD Laptop | Core i5-7200U 7th Gen 2.6GHz | 8GB DDR4 RAM | 256GB Solid State Drive | Windows 10 Pro",https://www.daraz.pk/products/hp-hd-14-840-g4-i5-7200u-7th-26ghz-8gb-ddr4-256gb-ace-10-i269375252-s1483360463.html?search=1,"Rs. 58,999",-11,Pakistan
"Dell 7270 core i5 6th gen, 8GB Ram 256 GB SSD Slim and Portable Laptop",https://www.daraz.pk/products/dell-7270-core-i5-6th-gen-8gb-ram-256-gb-ssd-slim-and-portable-laptop-i395005183-s1920069210.html?search=1,"Rs. 46,499",,Pakistan
Product Like New-HP Elitebook 820 G4 core i5 7th genration 8 gb ram 256 gb ssd with backlight keyboard slim and smart latop easy to carry,https://www.daraz.pk/products/hp-820-g4-i5-7th-8-gb-sd-256-gb-i422306408-s1998951208.html?search=1,"Rs. 52,000",,Pakistan
"Daraz Like New Laptops - Lenovo ThinkPad X250 UltraBook 12.5″ Screen, Core i5 – 5th Gen., 8GB Ram, 500GB HDD, Window 10 Pro",https://www.daraz.pk/products/daraz-like-new-laptops-lenovo-thinkpad-x250-ultrabook-125-screen-core-i5-5th-gen-8gb-ram-500gb-hdd-window-10-pro-i353761811-s1787040346.html?search=1,"Rs. 38,999",-4,Pakistan
"Lenovo ThinkPad T450s 14in Laptop, Intel Core i3 5300U 2.3Ghz, 8GB DDR3 RAM, 256GB SSD Hard Drive, Webcam, Windows 10",https://www.daraz.pk/products/lenovo-thinkpad-t450s-14in-laptop-intel-core-i3-5300u-23ghz-8gb-ddr3-ram-256gb-ssd-hard-drive-webcam-windows-10-i422423245-s1998764980.html?search=1,"Rs. 40,000",-1,Pakistan
LAPTOP HP - EliteBook 840G5 - CORE I5 -8TH GENERATION- 16GB RAM - 512GB SSD - Windows® 10 Activated - FREE LAPTOP BAG,https://www.daraz.pk/products/hp-840g5-16gb-8th-i5-512gb10-i364733223-s1922300718.html?search=1,"Rs. 87,999",-1,Pakistan
MacBook-A1278 13.3 LED Display - IntelÂ® Coreâ¢ 2 Duo Processor 4GB RAM - 500GB HDD - Dual Operating System WindowsÂ® 10 & Mac OS high series 10.12 (Activated),https://www.daraz.pk/products/macbook-a1278-133-led-uuu-uuuauua2-uuu-uu-4gb-u-hdd-500gb-uuu-uuuu-uu-uuuua10-u-uu-os-1012-uuuuu-i230658840-s1450845879.html?search=1,"Rs. 40,000",-10,Free Shipping
Hp ProBook i7-7th Generation|16 GB RAM 128GB SSD+500GB HDD[Hard Drive]|HD DISPLAY|5HOURS+ Battery Backup,https://www.daraz.pk/products/hp-i7-7th-16-gb-ssd-128gb-hdd-evrhd-5-i385769378-s1907369139.html?search=1,"Rs. 135,000",-3,Pakistan
"Acer TravelMate P449-M-516P i5-6300U Notebook 35.6 cm (14"") HD Intel® Core™ i5 8 GB DDR4-SDRAM 256 GB SSD Windows 7 Professional Black",https://www.daraz.pk/products/acer-travelmate-p449-m-516p-i5-6300u-notebook-356-cm-14-hd-intel-core-i5-8-gb-ddr4-sdram-256-gb-ssd-windows-7-professional-black-i422596718-s1999743754.html?search=1,"Rs. 41,499",,Free Shipping
HP EliteBook 840 G3 ( TOUCHSCREEN) - Core i5 6th Generation - 8 GB RAM - 256 GB SSD - 14inch Screen - FREE LAPTOP BAG,https://www.daraz.pk/products/hp-840-g3-6th-i5-8-gb-14-i257482343-s1474455707.html?search=1,"Rs. 58,999",-3,Pakistan
"Latitude E7270 Laptop - Core I5 6th Generation - 8GB DDR4 RAM - 256GB SSD - 12.5"" FHD - BACKLIT KEYBOARD",https://www.daraz.pk/products/latitude-e7270-laptop-core-i5-6th-generation-8gb-ddr4-ram-256gb-ssd-125-fhd-backlit-keyboard-i266458459-s1482126569.html?search=1,"Rs. 46,500",-4,Free Shipping
Lenovo ThinkPad T460s - Core i5 6th Generation - 8GB DDR4 - 256GB SSD - 14inches Screen - FREE LAPTOP BAGS,https://www.daraz.pk/products/t460s-6th-i5-8gb-ddr4-14-i258162564-s1475056551.html?search=1,"Rs. 52,999",-6,Pakistan
"Toshiba Portégé Z30-A-13E i5-6200U Notebook 33.8 cm (13.3"") Intel® Core™ i5 8 GB DDR4-SDRAM 256 GB SSD Windows 7 Professional Metallic",https://www.daraz.pk/products/z30-a-13e-i5-4200u-338-i5-4-gb-ddr3-sdram-gb-ssd-7-i406740221-s1954665255.html?search=1,"Rs. 42,999",,Free Shipping
Dell Latitude E7270 - Intel Core i5 6th Gen 6300U 2.4 GHz Processor - 8 GB RAM - 256 GB SSD - 12.5 HD Display with Webcam -- Windows 10 Pro,https://www.daraz.pk/products/e7270-i5-6th-6300u-24-ghz-8-gb-256-gb-ssd-10-i421343617-s1989565473.html?search=1,"Rs. 45,000",,Pakistan
Dell Laptop Latitude 7270 Intel Core i5 6th Generation 8GB Ram 256 GB SSD Slim and Portable,https://www.daraz.pk/products/7270-6th-i5-8gb-sd-256-gb-i318045066-s1686891024.html?search=1,"Rs. 47,900",-6,Free Shipping
Dell Latitude E7470 - Core i5 6th Generation - 8GB DDR4 RAM - 256GB SSD - 14inch HD Screen - FREE LAPTOP BAG,https://www.daraz.pk/products/dell-latitude-e7470-core-i5-6th-generation-8gb-ddr4-ram-256gb-ssd-14inch-hd-screen-free-laptop-bag-i257387553-s1474376468.html?search=1,"Rs. 48,999",-3,Pakistan
"ASUUS UX32L , INTEL CORE I5-4TH GENERATION, 4GB RAM AND 256 SSD , 1 GB VIDEO CARD,AT LEAST 1 HRS BATTERY WARRENTY,LIGHT WEIGHT AND SLIM",https://www.daraz.pk/products/ux32l-i5-4th-4gb-1-gb-1-gb-1-i361497672-s1810712491.html?search=1,"Rs. 48,000",,Pakistan
HP ProBook 640 G1 - Core i3 4th Generation - 4GB RAM - 500GB HDD - 14inch Screen - Window 10 Pro Active,https://www.daraz.pk/products/hp-640-g1-4th-i3-4gb-14-10-i246526925-s1464551769.html?search=1,"Rs. 45,999",-8,Free Shipping
Hp EliteBook 850 G3 - Core i5 6th Generation - 8GB DDR4 - 256GB SSD - 15.6inch Screen ( NUMPAD ) - FREE LAPTOP BAG,https://www.daraz.pk/products/hp-850-g3-6th-i5-8gb-ddr4-256gb-ssd-156-i317404450-s1683732948.html?search=1,"Rs. 62,999",-8,Pakistan
Lenovo Thinkpad T470 - Core i5 7th Generation - 16GB DDR4 - 512GB SSD - 14inch Screen - FREE LAPTOP BAG (Windows 11 Licensed),https://www.daraz.pk/products/lenovo-thinkpad-t470-core-i5-7th-generation-16gb-ddr4-512gb-ssd-14inch-screen-free-laptop-bag-windows-11-licensed-i410482460-s1963378092.html?search=1,"Rs. 69,999",,Free Shipping
Hp Elitebook 820 G3 - Core i5 6th Generation - 8GB DDR4 RAM - 128GB SSD - 500GB HDD -12.5inch Screen - FREE LAPTOP BAG (Windows 11 Registered),https://www.daraz.pk/products/hp-elitebook-820-g3-core-i5-6th-generation-8gb-ddr4-ram-128gb-ssd-500gb-hdd-125inch-screen-free-laptop-bag-windows-11-registered-i315610540-s1671220204.html?search=1,"Rs. 49,999",-2,Free Shipping
Dell Latitude E7470 - Core i7 6th Generation - 16GB DDR4 RAM - 512GB SSD - 14inch Screen - FREE LAPTOP BAG (WINDOWS 11 REGISTERED),https://www.daraz.pk/products/dell-latitude-e7470-core-i7-6th-generation-16gb-ddr4-ram-512gb-ssd-14inch-screen-free-laptop-bag-windows-11-registered-i416225080-s1977162245.html?search=1,"Rs. 64,999",,Pakistan
"Daraz Like New Laptops - Lenovo ThinkPad X250 UltraBook 12.5″ Screen, Core i7 – 5th Gen., 8GB Ram, 500GB HHD, Window 10 Pro",https://www.daraz.pk/products/daraz-like-new-laptops-lenovo-thinkpad-x250-ultrabook-125-screen-core-i7-5th-gen-8gb-ram-500gb-hhd-window-10-pro-i353764766-s1787034954.html?search=1,"Rs. 39,999",,Pakistan
Hp Elitebook 820 G4 - Core i5 7th Generation - 8GB DDR4 RAM - 128GB SSD - 500GB HDD -12.5inch Screen - FREE LAPTOP BAG (Windows 11 Licensed),https://www.daraz.pk/products/hp-elitebook-820-g4-core-i5-7th-generation-8gb-ddr4-ram-128gb-ssd-500gb-hdd-125inch-screen-free-laptop-bag-windows-11-licensed-i414209431-s1972796485.html?search=1,"Rs. 56,999",-1,Free Shipping
Lenovo ThinkPad X1 carbon touchscreen core i7 8th Generation,https://www.daraz.pk/products/x1-i7-8th-i415886295-s1996070662.html?search=1,"Rs. 150,000",,Free Shipping
"Daraz Like New Laptops - Dell Latitude E5480 14” Laptop (14” FHD Display, i5-6300U 2.40GHz, 8GB DDR4 RAM, 256GB SSD, Windows 10 64bit)",https://www.daraz.pk/products/daraz-like-new-laptops-dell-latitude-e5480-14-laptop-14-fhd-display-i5-6300u-240ghz-8gb-ddr4-ram-256gb-ssd-windows-10-64bit-i350411563-s1781661036.html?search=1,"Rs. 49,999",-1,Pakistan
Daraz Like New Laptops - Dell Latitude E5470 | 14.6 HD | Intel Core i5-6300U 6th Gen | 8GB DDR4 RAM | 256GB M.2 SSD | Windows 10 Pro,https://www.daraz.pk/products/daraz-like-new-laptops-dell-latitude-e5470-146-hd-intel-core-i5-6300u-6th-gen-8gb-ddr4-ram-256gb-m2-ssd-windows-10-pro-i410385514-s1963155459.html?search=1,"Rs. 44,999",,Pakistan
"HP EliteBook 840 G3 - 14” HD, Intel Core i5-6200U 2.4Ghz, 6th Gen 8GB DDR4, 128GB SSD + 500GB HDD, Windows 11(Licensed Windows) FREE LAPTOP BAG",https://www.daraz.pk/products/hp-elitebook-840-g3-14-hd-intel-core-i5-6200u-24ghz-6th-gen-8gb-ddr4-128gb-ssd-500gb-hdd-windows-11licensed-windows-free-laptop-bag-i315817467-s1672995723.html?search=1,"Rs. 54,999",-3,Free Shipping
"_DELL ULTRABOOK Intel Core i7 6th Generation - 16GB DDR4 ram , 512GB SSD Hard Drive - 3 Hours+ Battery Backup",https://www.daraz.pk/products/i7-6th-16gb-ddr4-ssd-1-gb-3-i338752248-s1751064964.html?search=1,"Rs. 75,000",-6,Pakistan
Dell Laptop Latitude 7250 Intel Core i5 5th Generation 4gb Ram 128 gb SSD Slim and Portable,https://www.daraz.pk/products/7250-5th-i5-4gb-sd-128-gb-i282977494-s1523168053.html?search=1,"Rs. 39,999",-7,Free Shipping
"Dell Latitude E5540 15.6 inches Laptop, Core i5-4310U 2.0GHz, 8GB Ram, 500GB HDD, DVDRW, Windows 10 Pro 64bit",https://www.daraz.pk/products/dell-latitude-e5540-156-inches-laptop-core-i5-4310u-20ghz-8gb-ram-500gb-hdd-dvdrw-windows-10-pro-64bit-i269363981-s1483360420.html?search=1,"Rs. 42,999",-2,Pakistan
"Apple MacBook Air A1466 Early 2015 With 1.6GHz Intel Core i5 (13.3 inch, 8GB RAM, 128GB) Silver",https://www.daraz.pk/products/apple-macbook-air-a1466-early-2015-with-16ghz-intel-core-i5-133-inch-8gb-ram-128gb-silver-i338185488-s1748137752.html?search=1,"Rs. 68,999",-7,Free Shipping
HP - EliteBook 840G5 - CORE I5 8TH GENERATION- 16GB RAM - 256GB SSD - Windows® 10 Activated - FREE LAPTOP BAG,https://www.daraz.pk/products/hp-840g5-8th-i5-16gb-256gb10-i370333854-s1833076550.html?search=1,"Rs. 79,999",,Pakistan
"AppIe MacBok Air 2014 | 4GB ram , 256GB SSD Hard Drive | One Month Warranty | Core i5 | 450 BATTERY CYCLES | Up to 4 Hours+ battery Backup | Original Adapter Charger",https://www.daraz.pk/products/appie-macbok-air-2014-4gb-ram-256gb-ssd-hard-drive-one-month-warranty-core-i5-450-battery-cycles-up-to-4-hours-battery-backup-original-adapter-charger-i311499542-s1932283297.html?search=1,"Rs. 65,000",-5,Pakistan
"Daraz Like New Laptops - Lenovo Thinkpad T440 Ultrabook, 14 Inch Display, Intel Core i5 4th Gen 1.9GHz, 4GB RAM, 500GB, USB 3.0, WiFi, Windows 10 Pro",https://www.daraz.pk/products/daraz-like-new-laptops-lenovo-thinkpad-t440-ultrabook-14-inch-display-intel-core-i5-4th-gen-19ghz-4gb-ram-500gb-usb-30-wifi-windows-10-pro-i351061330-s1782408619.html?search=1,"Rs. 35,999",-4,Pakistan
"Daraz Like New Laptops - HP Pro X2 612 G1 12.5"" Detachable Laptop Core I5 4th Gen 4GB 128GB Win 10 Pro",https://www.daraz.pk/products/daraz-like-new-laptops-hp-pro-x2-612-g1-125-detachable-laptop-core-i5-4th-gen-4gb-128gb-win-10-pro-i350444017-s1781700514.html?search=1,"Rs. 35,999",-2,Pakistan
Apple Macbook Pro A1278 13.3 LED Display - Intel® Core™2 Duo Processor 4GB RAM - 250GB HDD - Dual Operating System Windows® 10 & IOS 10.12 (Activated) Refurbished,https://www.daraz.pk/products/a1278-133-led-2-4gb-hdd-250gb-10-ios-1012-i130415467-s1290290296.html?search=1,"Rs. 40,000",-8,Free Shipping
HP 15 DA001XX - 8th Gen Ci7 QuadCore 16GB 256GB SSD 4-GB Nvidia MX130 15.6 HD 720p Windows 10 (Natural Silver),https://www.daraz.pk/products/hp-15-da001xx-8th-gen-ci7-quadcore-16gb-256gb-ssd-4-gb-nvidia-mx130-156-hd-720p-windows-10-natural-silver-i130415451-s1291718864.html?search=1,"Rs. 150,000",-4,Free Shipping
"Daraz Like New Laptops - Dell Latitude E6440 14in Laptop, Core i5-4300M 2.6GHz, 4GB Ram, 500GB HDD, DVDRW, Windows 10 Pro",https://www.daraz.pk/products/daraz-like-new-laptops-dell-latitude-e6440-14in-laptop-core-i5-4300m-26ghz-4gb-ram-500gb-hdd-dvdrw-windows-10-pro-i350238101-s1781457826.html?search=1,"Rs. 36,999",-2,Pakistan
Daraz Like New Laptops - Dell Latitude E5440 14-Inch Laptop Core i5 4th Gen/4GB RAM (Upgradable to 16)/128GB SSD/Windows 10 Pro,https://www.daraz.pk/products/daraz-like-new-laptops-dell-latitude-e5440-14-inch-laptop-core-i5-4th-gen4gb-ram-upgradable-to-16128gb-ssdwindows-10-pro-i350408032-s1781650437.html?search=1,"Rs. 36,999",-1,Pakistan
"Dell Latitude E7250 12.5in Laptop, Core i7-5600U 2.6GHz, 8GB Ram, 256GB SSD, Windows 10 Pro 64bit",https://www.daraz.pk/products/e7250-125-8gb-8gb-8gb-ssd-10-64bit-i257920554-s1474862961.html?search=1,"Rs. 48,999",-2,Pakistan
"DELL Latitude E5450 i5-5300U Notebook 35.6 cm (14"") HD Intel® Core™ i5 4 GB DDR3L-SDRAM 500 GB HDD Windows 7 Professional Black",https://www.daraz.pk/products/dell-latitude-e5450-i5-5300u-notebook-356-cm-14-hd-intel-core-i5-4-gb-ddr3l-sdram-500-gb-hdd-windows-7-professional-black-i406654540-s1954515604.html?search=1,"Rs. 41,500",,Free Shipping
Dell Laptop Latitude E5480 Core i5 7th Generation (HQ and U Processor) 8gb Ram 256gb SSD,https://www.daraz.pk/products/e5480-7th-i5-hq-u-8gb-ssd-256gb-i317984709-s1729108410.html?search=1,"Rs. 58,500",-6,Free Shipping
"Latitude E7270 Laptop - Core I5 6th Generation - 8GB DDR4 RAM - 256GB SSD - 12.5"" FHD Display - WINDOWS 10 - RENEWED",https://www.daraz.pk/products/e7270-6th-i5-8gb-ddr4-fhd-10-i267068383-s1482354201.html?search=1,"Rs. 46,500",-9,Pakistan
HP EliteBook 840 G3 - Core i7 6th Generation - 8GB RAM - 256GB SSD - 14inch Screen - FREE LAPTOP BAG (Windows 11 Registered),https://www.daraz.pk/products/hp-elitebook-840-g3-core-i7-6th-generation-8gb-ram-256gb-ssd-14inch-screen-free-laptop-bag-windows-11-registered-i315616425-s1671292515.html?search=1,"Rs. 64,999",-1,Free Shipping
Apple MacBook Air MLY33 (Mid Night) – M2 Chip 8-core CPU 8GB 256GB SSD 13.6,https://www.daraz.pk/products/mly33-m2-8-cpu-8gb-256gb-ssd-136-i364571578-s1817325465.html?search=1,"Rs. 395,000",-7,Pakistan
"HP Victus 15-FA0031DX 12th Gen Core i5-12450H, 8GB DDR4, 512GB SSD, NVIDIA GTX1650 4GB, 15.6"" FHD IPS 144Hz, Backlit Keyboard, Windows 11 Home, Mica Silver",https://www.daraz.pk/products/hp-15-fa0031dx-12th-8gb-ddr4-i5-12450h-gb-ssd-nvidia-gtx1650-4gb-512-fhd-ips-156-hz-11-i353194461-s1786205900.html?search=1,"Rs. 244,999",-3,Pakistan
MSI Modern 15 A11MU (UHD Graphics) Tiger lake i7-1195G7,https://www.daraz.pk/products/msi-modern-15-a11mu-uhd-graphics-tiger-lake-i7-1165g7-i258818601-s1475920681.html?search=1,"Rs. 261,990",-8,Pakistan
Hp Elitebook 820G4 - Core i5 7th Generation - 8GB RAM - 128GB SSD + 500GB HDD- 12.5 inch Screen - FREE LAPTOP BAG (WINDOWS 11 LICENSED),https://www.daraz.pk/products/hp-elitebook-820g4-core-i5-7th-generation-8gb-ram-128gb-ssd-500gb-hdd-125-inch-screen-free-laptop-bag-windows-11-licensed-i389455638-s1913715525.html?search=1,"Rs. 52,499",,Free Shipping
Lenovo ThinkPad T450 - 14 Inch - Intel i5-5300U 2.30GHz - 8 GB RAM - 500GB HDD - Windows 10 (Registered Windows) FREE LAPTOP BAG,https://www.daraz.pk/products/lenovo-thinkpad-t450-14-inch-intel-i5-5300u-230ghz-8-gb-ram-500gb-hdd-windows-10-registered-windows-free-laptop-bag-i315643407-s1671789218.html?search=1,"Rs. 39,999",-1,Free Shipping
Cor I3 4th Generation laptop 4GB ram 500Gb HDD mix Brand used laptop with charging Adopter,https://www.daraz.pk/products/cor-i3-4th-generation-laptop-4gb-ram-500gb-hdd-mix-brand-used-laptop-with-charging-adopter-i255526044-s1472001533.html?search=1,"Rs. 35,000",-5,Pakistan
HP EliteBook 820 G3 - Core i5 6th Generation - RAM 8GB DDR4 - 128GB SSD - 500GB Hard Drive - 12.5 Inches Antiglare HD Display - Windows 10 (Activated),https://www.daraz.pk/products/hp-elitebook-820-g3-core-i5-6th-generation-ram-8gb-ddr4-128gb-ssd-500gb-hard-drive-125-inches-antiglare-hd-display-windows-10-activated-i396746180-s1922324957.html?search=1,"Rs. 51,500",,Free Shipping
Lenovo Thinkpad T480 - Core i5 8th Generation - 8GB DDR4 - 256GB SSD - 14inch Screen - FREE LAPTOP BAG,https://www.daraz.pk/products/lenovo-thinkpad-t480-core-i5-8th-generation-8gb-ddr4-256gb-ssd-14inch-screen-free-laptop-bag-i392508590-s1916540723.html?search=1,"Rs. 79,999",-1,Free Shipping
Dell Latitude E5540 - Core i5 4th Generation - 4GB RAM - 500GB HDD - 15.6inch Screen Numpad - FREE LAPTOP BAG,https://www.daraz.pk/products/e5540-4th-i5-4gb-500gb-hdd-i257632488-s1474561572.html?search=1,"Rs. 39,999",-5,Pakistan
"Daraz Like New Laptops - Lenovo Thinkpad X240 Ultrabook ( 12.5-inch Display, i5-4600U 8GB RAM, 500GB, Windows 10 Pro 64",https://www.daraz.pk/products/daraz-like-new-laptops-lenovo-thinkpad-x240-ultrabook-125-inch-display-i5-4600u-8gb-ram-500gb-windows-10-pro-64-i351085190-s1782433402.html?search=1,"Rs. 36,999",,Free Shipping
Thinkpad Yoga 260 - Core i5 6200U - 12.5inch 360Degree FHD TouchScreen - 8GB DDR4 RAM - 256GB NVME M2 SSD - Windows 10 Professional (Renewed),https://www.daraz.pk/products/thinkpad-yoga-260-core-i5-6200u-125inch-360degree-fhd-touchscreen-8gb-ddr4-ram-256gb-nvme-m2-ssd-windows-10-professional-renewed-i363131055-s1813865445.html?search=1,"Rs. 59,499",-1,Free Shipping
Dell Latitude 5480 - Core i5 7th Generation - 8GB RAM - 256GB SSD - 14inch Screen - Free Laptop Bag,https://www.daraz.pk/products/5480-7th-i5-8gb-14-i257192977-s1474073469.html?search=1,"Rs. 49,999",-1,Pakistan
Dell Latitude 5590 - Core i5 8th Generation Quadcore - RAM 8GB DDR4 - 256GB SSD - 15.6Inches HD Display - Backlit Keyboard,https://www.daraz.pk/products/dell-latitude-5590-core-i5-8th-generation-quadcore-ram-8gb-ddr4-256gb-ssd-156inches-hd-display-backlit-keyboard-i396549661-s1921934716.html?search=1,"Rs. 66,500",,Free Shipping
"HP ProBook 440G3 I3 6th Gen 8gb Ram 128gb ssd+500gb hdd 14"" Screen (Windows 11 Activated) & Free Laptop Bag",https://www.daraz.pk/products/hp-probook-440g3-i3-6th-gen-8gb-ram-128gb-ssd500gb-hdd-14-screen-windows-11-activated-free-laptop-bag-i407477413-s1957162945.html?search=1,"Rs. 44,999",,Free Shipping
"DELL Latitude 3189, Intel Pentium N4200 Quad-Core (1.1 GHz), 8 GB DDR3L Ram, 128 GB SSD, Intel HD Graphics 505, 11.6"" Touchscreen 1366 x 768 Convertible 2-in-1 Laptop Windows 11 Pro 64-Bit (Registered Windows)",https://www.daraz.pk/products/dell-latitude-3189-intel-pentium-n4200-quad-core-11-ghz-8-gb-ddr3l-ram-128-gb-ssd-intel-hd-graphics-505-116-touchscreen-1366-x-768-convertible-2-in-1-laptop-windows-11-pro-64-bit-registered-windows-i392970393-s1916955615.html?search=1,"Rs. 34,999",,Free Shipping
"Toshiba Portégé Z30-A-13E i5-6200U Notebook 33.8 cm (13.3"") Intel® Core™ i5 8 GB DDR4-SDRAM 256 GB SSD Windows 7 Professional Metallic",https://www.daraz.pk/products/z30-a-13e-i5-4200u-338-i5-4-gb-ddr3-sdram-gb-ssd-7-i406739318-s1954666472.html?search=1,"Rs. 43,999",,Free Shipping
"HP EliteBook 840 G3 i5-6300U Notebook 35.6 cm (14"") Intel® Core™ i5 8 GB DDR4-SDRAM 256 GB SSD Windows 10 Pro Silver",https://www.daraz.pk/products/hp-840-g3-i5-6300u-14-i5-8-gb-ddr4-sdram-gb-ssd-10-i406696005-s1954599118.html?search=1,"Rs. 54,999",,Free Shipping
Daraz Like New Laptops - Dell Latitude 5491 Laptop 14 HD Intel Core i5 8th Gen i5-8300H Quad Core 4Ghz 16GB RAM 512 GB SSD Windows 10 Pro,https://www.daraz.pk/products/daraz-like-new-laptops-dell-latitude-5491-laptop-14-hd-intel-core-i5-8th-gen-i5-8300h-quad-core-4ghz-16gb-ram-512-gb-ssd-windows-10-pro-i399154989-s1929836803.html?search=1,"Rs. 76,999",-2,Pakistan
Laptop HP EliteBook 840 G2 - Core i5 5th Generation - 8GB RAM - 128GB SSD -14 inch - Windows® 10 Activated - FREE LAPTOP BAG,https://www.daraz.pk/products/laptop-hp-elitebook-840-g2-core-i5-5th-generation-8gb-ram-128gb-ssd-14-inch-windows-10-activated-free-laptop-bag-i356726926-s1922310898.html?search=1,"Rs. 51,999",,Pakistan
HP ELITEBOOK 840-G4 7TH GENERATION | INTEL CORE-I5 | 7200u PROCESSOR | 8GB RAM | 128GB SSD + 500GB HDD| FHD | 14.1’INCH DISPLAY | SILVER | WIN11 PRO | REGITERED (FREE LAPTOP BAG),https://www.daraz.pk/products/hp-elitebook-840-g4-7th-generation-intel-core-i5-7200u-processor-8gb-ram-128gb-ssd-500gb-hdd-fhd-141inch-display-silver-win11-pro-regitered-free-laptop-bag-i376776216-s1862872917.html?search=1,"Rs. 62,999",-1,Free Shipping
"Apple MacBook Pro (13-inch, Mid 2012) Intel Core i5 4gb 500 GB Hard Drive",https://www.daraz.pk/products/13-2012-i5-4gb-500-gb-i390921025-s1914798718.html?search=1,"Rs. 38,000",-1,Pakistan
Dell Latitude E5440 - Core I5 4th generation - Ram 8GB DDR3 - 500GB HDD - 14Inches Display - Windows 10 Activated,https://www.daraz.pk/products/dell-latitude-e5440-core-i5-4th-generation-ram-8gb-ddr3-500gb-hdd-14inches-display-windows-10-activated-i395575532-s1930097570.html?search=1,"Rs. 38,500",,Free Shipping
"HP Victus 15-FA0031DX 12th Gen Core i5-12450H, 8GB DDR4, 512GB SSD, NVIDIA GTX1650 4GB, 15.6"" FHD IPS 144Hz, Backlit Keyboard, Windows 11 Home, Mica Silver.",https://www.daraz.pk/products/hp-15-fa0031dx-12th-8gb-ddr4-i5-12450h-gb-ssd-nvidia-gtx1650-4gb-512-fhd-ips-156-hz-11-i355578746-s1790777819.html?search=1,"Rs. 229,900",-3,Pakistan
Dell Latitude 13 3380 – 13.3″ – Core i3 6006U – 4 GB RAM – 320 GB HDD,https://www.daraz.pk/products/13-3380-4-gb-i3-6006u-1-gb-hdd-i406651841-s1954509855.html?search=1,"Rs. 36,999",,Free Shipping
HP EliteBook 840 G3 - Core i5 6th Generation - 8 GB RAM - 128GB SSD With 500GB HDD- 14inch Screen - FREE LAPTOP BAG,https://www.daraz.pk/products/hp-840-g3-6th-i5-8-gb-14-14-gb-hdd-ssd-128gb-i257472768-s1474462152.html?search=1,"Rs. 53,999",-6,Pakistan
"Lenovo ThinkPad X260 Notebook 31.8 cm (12.5"") 8 GB DDR4-SDRAM 240 GB SSD Wi-Fi 5 (802.11ac) Black",https://www.daraz.pk/products/x230-dos-ch-i5-3360m-318-i5-4-gb-ddr3-sdram-gb-hdd-dos-i406726848-s1954650205.html?search=1,"Rs. 39,999",,Free Shipping
"Lenovo Thinkpad T430 Built Business Laptop Computer (Intel Dual Core i5 Up to 3.3 Ghz Processor, 8GB Memory, 500GB HDD,",https://www.daraz.pk/products/lenovo-thinkpad-t430-built-business-laptop-computer-intel-dual-core-i5-up-to-33-ghz-processor-8gb-memory-500gb-hdd-i375648184-s1862134173.html?search=1,"Rs. 31,500",-3,Free Shipping
HP EliteBook 840 G3 - Core i5 6th Generation - 8 GB RAM - 256 GB SSD - 14inch Screen - FREE LAPTOP BAG,https://www.daraz.pk/products/hp-840-g3-6th-i5-8-gb-14-14-gb-ssd-i257188847-s1474066672.html?search=1,"Rs. 53,999",-1,Pakistan
Dell Latitude 5490 Laptop intel Core i5 8th Generation 8GB RAM - 256 GB SSD 14inch Screen,https://www.daraz.pk/products/5490-8th-i5-8gb-14-ssd-256-gb-i390985924-s1914841843.html?search=1,"Rs. 65,000",-2,Free Shipping
Hp Elitebook 820 G4 - Core i5 7th Generation - 16GB DDR4 RAM - 128GB SSD - 500GB HDD -12.5inch Screen - FREE LAPTOP BAG (Windows 11 Licensed),https://www.daraz.pk/products/hp-elitebook-820-g4-core-i5-7th-generation-16gb-ddr4-ram-128gb-ssd-500gb-hdd-125inch-screen-free-laptop-bag-windows-11-licensed-i414209353-s1972796416.html?search=1,"Rs. 59,999",-1,Free Shipping
Lenovo ThinkPad T450 - 14 Inch - Intel i5-5300U 2.30GHz - 8 GB RAM - 256GB SSD - Windows 10 Pro - FREE LAPTOP BAG,https://www.daraz.pk/products/14-t450-8-gb-i5-5300u-ghz-10-i298721244-s1614861026.html?search=1,"Rs. 40,999",,Pakistan
HP ELITEBOOK 840-G5 8TH GENERATION | INTEL CORE-I5 | 8250u PROCESSOR | 8GB RAM | 512GB SSD | FHD | 14.1’INCH (TOUCHSCREEN) WINDOWS 11 ACTIVATED,https://www.daraz.pk/products/hp-elitebook-840-g5-8th-generation-intel-core-i5-8250u-processor-8gb-ram-512gb-ssd-fhd-141inch-touchscreen-windows-11-activated-i383668252-s1885455864.html?search=1,"Rs. 93,999",,Free Shipping
Lenovo Thinkpad T540p - Core i5 4th Generation - 4GB RAM - 500GB HDD - 15.6inch Screen - Numpad - FREE LAPTOP BAG,https://www.daraz.pk/products/t540p-4th-i5-4gb-500-4gb-hdd-i257470887-s1474463022.html?search=1,"Rs. 39,999",-4,Pakistan
Dell Latitude e5450 Corei5 5th Generation 08GB Ram DDR3L 500GB HARDDISK,https://www.daraz.pk/products/dell-latitude-e5450-corei5-5th-generation-08gb-ram-ddr3l-500gb-harddisk-i227926276-s1448375542.html?search=1,"Rs. 40,000",-2,Pakistan
HP 1030 G2 i5 7th GENERATION 8GB/256GB,https://www.daraz.pk/products/hp-1030-g2-i5-7th-generation-8gb256gb-i381737439-s1909581604.html?search=1,"Rs. 80,000",,Pakistan
Dell Latitude E7450 - Core i5 5th Generation - 4GB RAM - 500GB HDD - 14inch Screen,https://www.daraz.pk/products/e7450-5th-i5-4gb-14-hdd-500gb-i406677518-s1954569203.html?search=1,"Rs. 40,999",,Free Shipping
Lenovo ThinkPad T440p intel Core i5 4th Generation 4GB RAM - 500GB Harddisk HDD 14inch Screen,https://www.daraz.pk/products/t440p-4th-i5-4gb-1-gb-hdd-14-i390995823-s1914848633.html?search=1,"Rs. 33,000",-3,Free Shipping
"Toshiba Portégé Z30-A-13E i5-4200U Notebook 33.8 cm (13.3"") Intel® Core™ i5 4 GB DDR3-SDRAM 128 GB SSD Windows 7 Professional Metallic",https://www.daraz.pk/products/z30-a-13e-i5-4200u-338-i5-4-gb-ddr3-sdram-gb-ssd-7-i406731511-s1954657612.html?search=1,"Rs. 32,999",,Free Shipping
Dell Laptop Latitude E5470 Core i5 6th Generation 8gb Ram 256gb SSD,https://www.daraz.pk/products/e5470-6th-i5-8gb-sd-128gb-i274631264-s1488278524.html?search=1,"Rs. 52,700",-3,Free Shipping
E6430 Intel Core i5-3rd Generation | 4gB ram - 500GB Hard Drive best For Freelancing,https://www.daraz.pk/products/e6430-intel-core-i5-3rd-generation-4gb-ram-500gb-hard-drive-best-for-freelancing-i346819598-s1773974104.html?search=1,"Rs. 31,500",-2,Pakistan
"HP ProBook 640 G1 i5-4200M Notebook 35.6 cm (14"") Intel® Core™ i5 4 GB DDR3-SDRAM 500 GB HDD Wi-Fi 4 (802.11n) Windows 7 Professional Black, Silver",https://www.daraz.pk/products/hp-640-g1-i5-4200m-356-14-i5-4-gb-ddr3-sdram-gb-hdd-wifi-4-80211n-7-i406684823-s1954585728.html?search=1,"Rs. 36,999",,Free Shipping
"Dell Latitude 7280 Business Class Laptop - 7th Gen Ci7 vPro, 16 GB DDR4 Ram, 256 GB SSD (Solid-State drive) 12.5"" Full HD 1080p Display, Windows 10",https://www.daraz.pk/products/dell-latitude-7280-business-class-laptop-7th-gen-ci7-vpro-16-gb-ddr4-ram-256-gb-ssd-solid-state-drive-125-full-hd-1080p-display-windows-10-i397249761-s1923396198.html?search=1,"Rs. 60,000",,Pakistan
HP ProBook 640 G1 - Core i5 4th Generation - 4GB RAM - 500GB HDD - 14inch Screen,https://www.daraz.pk/products/hp-probook-640-g1-core-i5-4th-generation-4gb-ram-500gb-hdd-14inch-screen-i385509937-s1906809855.html?search=1,"Rs. 37,500",,Free Shipping
"Toshiba Portégé Z30-A-13E i5-6200U Notebook 33.8 cm (13.3"") Intel® Core™ i5 8 GB DDR4-SDRAM 256 GB SSD Windows 7 Professional Metallic",https://www.daraz.pk/products/z30-a-13e-i5-4200u-338-i5-4-gb-ddr3-sdram-gb-ssd-7-i406733993-s1954658976.html?search=1,"Rs. 43,999",,Free Shipping
"Dell Latitude E7450 Ultrabook Laptop: 14"" Intel I5-5300U 5th Gen, 500GB HDD, 8GB Ram, Windows 10 Pro",https://www.daraz.pk/products/e7450-14-i5-5300u-5th-8gb-hdd-500-10-i192496454-s1384856714.html?search=1,"Rs. 42,000",-2,Pakistan
"Toshiba Portégé Z30-A-13E i5-4200U Notebook 33.8 cm (13.3"") Intel® Core™ i5 4 GB DDR3-SDRAM 128 GB SSD Windows 7 Professional Metallic",https://www.daraz.pk/products/z30-a-13e-i5-4200u-338-i5-4-gb-ddr3-sdram-gb-ssd-7-i406737235-s1954663340.html?search=1,"Rs. 32,999",,Free Shipping
"Lenovo ThinkPad X270 12.5"" Business Laptop Computer Intel Core i7-6300U Up to 3.0GHz 8GB RAM 500GB PCIE HDD Intel HD Graphics 520 Bluetooth 4.1 802.11ac WiFi USB-C HDMI Win 10 Pro",https://www.daraz.pk/products/lenovo-thinkpad-x270-125-business-laptop-computer-intel-core-i7-6300u-up-to-30ghz-8gb-ram-500gb-pcie-hdd-intel-hd-graphics-520-bluetooth-41-80211ac-wifi-usb-c-hdmi-win-10-pro-i399235892-s1930104578.html?search=1,"Rs. 43,999",,Pakistan
"HP ProBook 640 G1 i5-4200M Notebook 35.6 cm (14"") Intel® Core™ i5 4 GB DDR3-SDRAM 500 GB HDD Wi-Fi 4 (802.11n) Windows 7 Professional Black, Silver",https://www.daraz.pk/products/hp-640-g1-i5-4200m-356-14-i5-4-gb-ddr3-sdram-gb-hdd-wifi-4-80211n-7-i406683708-s1954585547.html?search=1,"Rs. 36,999",,Free Shipping
HP ProBook 440 G1 Laptop (Core i5 4th Generation) 14-inch 8GB Ram 320GB Hard Drive,https://www.daraz.pk/products/hp-probook-440-g1-laptop-core-i5-4th-generation-14-inch-8gb-ram-320gb-hard-drive-i407710359-s1956413910.html?search=1,"Rs. 38,500",-1,Pakistan
"HP ProBook 640 G1 i5-4200M Notebook 35.6 cm (14"") Intel® Core™ i5 4 GB DDR3-SDRAM 500 GB HDD Wi-Fi 4 (802.11n) Windows 7 Professional Black, Silver",https://www.daraz.pk/products/hp-640-g1-i5-4200m-356-14-i5-4-gb-ddr3-sdram-gb-hdd-wifi-4-80211n-7-i406683403-s1954581900.html?search=1,"Rs. 36,999",,Free Shipping
"HP Pro X2 612 G1 12.5"" Detachable Laptop Core I5 4th Gen 4GB 128GB Win 10 Pro",https://www.daraz.pk/products/hp-pro-x2-612-g1-125-detachable-laptop-core-i5-4th-gen-4gb-128gb-win-10-pro-i398482513-s1927529526.html?search=1,"Rs. 35,999",,Pakistan
"HP ProBook 640 G2 i5-6300U Notebook 35.6 cm (14"") HD Intel® Core™ i5 4 GB DDR4-SDRAM 500 GB HDD Windows 7 Professional Black, Silver",https://www.daraz.pk/products/hp-640-g2-14-hd-i5-4-gb-ddr4-sdram-gb-hdd-7-i406691840-s1954592795.html?search=1,"Rs. 49,500",,Free Shipping
"Acer TravelMate P449-M-516P i5-6300U Notebook 35.6 cm (14"") HD Intel® Core™ i5 4 GB DDR4-SDRAM 256 GB SSD Windows 10 Professional Black",https://www.daraz.pk/products/acer-travelmate-p449-m-516p-i5-6300u-notebook-356-cm-14-hd-intel-core-i5-4-gb-ddr4-sdram-256-gb-ssd-windows-10-professional-black-i421997584-s1998885370.html?search=1,"Rs. 42,999",,Free Shipping
"Lenovo ThinkPad T450 i5-5300U Notebook 35.6 cm (14"") Intel® Core™ i5 DDR3L-SDRAM Windows 8 Pro Black",https://www.daraz.pk/products/t450-i5-5300u-356-14-i5-ddr3l-sdram-8-i406716312-s1954626421.html?search=1,"Rs. 39,500",,Free Shipping
"Lenovo ThinkPad T450 i5-5300U Notebook 35.6 cm (14"") Intel® Core™ i5 DDR3L-SDRAM Windows 8 Pro Black",https://www.daraz.pk/products/t450-i5-5300u-356-14-i5-ddr3l-sdram-8-i406718301-s1954626580.html?search=1,"Rs. 38,999",,Free Shipping
"HP Probook 440 G4 13.3"" HD Business Laptop (Intel Core i3-7200U, 8GB DDR4 Memory, 256GB PCIe NVMe M.2 SSD) Fingerprint, Bluetooth, Type C, HDMI, VGA, Ethernet, Webcam, Windows 10 Pro",https://www.daraz.pk/products/hp-probook-440-g4-133-hd-business-laptop-intel-core-i3-7200u-8gb-ddr4-memory-256gb-pcie-nvme-m2-ssd-fingerprint-bluetooth-type-c-hdmi-vga-ethernet-webcam-windows-10-pro-i399224032-s1930034675.html?search=1,"Rs. 54,999",,Pakistan
HP ProBook 640 G1 Business Laptop ~Intel Core i3-4210M 2.6GHz ~ 500GB 7200RPM HHD~ 4GB DDR3 Window 10 Pro,https://www.daraz.pk/products/hp-probook-640-g1-business-laptop-intel-core-i3-4210m-26ghz-500gb-7200rpm-hhd-4gb-ddr3-window-10-pro-i399225490-s1930049940.html?search=1,"Rs. 33,999",,Pakistan
"HP Laptop 14s-Fq0014NT Open Box (10th Generation) AMD Ryzen 3 3250U 128GB SSD 8GB DDR4 14.1"" HD",https://www.daraz.pk/products/hp-14s-fq0014nt-10th-amd-3-3250u-8gb-ssd-8gb-ddr4-hd-i403303501-s1945565748.html?search=1,"Rs. 84,999",,Pakistan
"Lenovo ThinkPad X260 Notebook 31.8 cm (12.5"") 8 GB DDR4-SDRAM 240 GB SSD Wi-Fi 5 (802.11ac) Black",https://www.daraz.pk/products/x230-dos-ch-i5-3360m-318-i5-4-gb-ddr3-sdram-gb-hdd-dos-i406726946-s1954650267.html?search=1,"Rs. 39,999",,Free Shipping
"Toshiba Portégé Z30-A-13E i5-4200U Notebook 33.8 cm (13.3"") Intel® Core™ i5 4 GB DDR3-SDRAM 128 GB SSD Windows 7 Professional Metallic",https://www.daraz.pk/products/z30-a-13e-i5-4200u-338-i5-4-gb-ddr3-sdram-gb-ssd-7-i406732959-s1954663234.html?search=1,"Rs. 32,999",,Free Shipping
"HP ProBook 640 G2 i5-6300U Notebook 35.6 cm (14"") HD Intel® Core™ i5 4 GB DDR4-SDRAM 500 GB HDD Windows 7 Professional Black, Silver",https://www.daraz.pk/products/hp-640-g2-14-hd-i5-4-gb-ddr4-sdram-gb-hdd-7-i406692314-s1954592642.html?search=1,"Rs. 49,500",,Free Shipping
"DeII Latitude E3340 13.3"" Laptop, Intel Core i5, 4GB RAM, 500GB HDD, Window 10 Pro",https://www.daraz.pk/products/deii-latitude-e3340-133-laptop-intel-core-i5-4gb-ram-500gb-hdd-window-10-pro-i411378918-s1965273204.html?search=1,"Rs. 35,999",,Pakistan
"Lenovo ThinkPad T440 i5-4300U Notebook 35.6 cm (14"") Intel® Core™ i5 8 GB DDR3L-SDRAM 500 GB HDD Black",https://www.daraz.pk/products/t440-i5-4300u-356-14-i5-8-gb-ddr3l-sdram-gb-hdd-i406711864-s1954618860.html?search=1,"Rs. 35,999",,Free Shipping
"HP ProBook 450 G1 i3-4200M Notebook 39.6 cm (15.6"") HD Intel® Core™ i3 4 GB DDR3-SDRAM 500 GB HDD Windows 7 Professional Black, Silver",https://www.daraz.pk/products/hp-450-g1-i3-4200m-396-156-hd-i3-4-gb-ddr3-sdram-gb-hdd-7-i406692148-s1954592009.html?search=1,"Rs. 35,500",,Free Shipping
"DeIl E7450 Ultra Book, Core i5 5th generation, 8GB DDR3 Ram, 256GB SSD Drive, 14.1"" Led Display, Intel HD Graphic",https://www.daraz.pk/products/deil-e7450-ultra-book-core-i5-5th-generation-8gb-ddr3-ram-256gb-ssd-drive-141-led-display-intel-hd-graphic-i405611624-s1952095191.html?search=1,"Rs. 49,999",,Pakistan
"Lenovo ThinkPad T450 i5-5300U Notebook 35.6 cm (14"") Intel® Core™ i5 DDR3L-SDRAM Windows 8 Pro Black",https://www.daraz.pk/products/t450-i5-5300u-356-14-i5-ddr3l-sdram-8-i406718345-s1954630126.html?search=1,"Rs. 39,999",,Free Shipping
"HP ProBook 640 G2 i5-6300U Notebook 35.6 cm (14"") HD Intel® Core™ i5 4 GB DDR4-SDRAM 500 GB HDD Windows 7 Professional Black, Silver",https://www.daraz.pk/products/hp-640-g2-14-hd-i5-4-gb-ddr4-sdram-gb-hdd-7-i406690882-s1954592826.html?search=1,"Rs. 49,500",,Free Shipping
"Lenovo ThinkPad X250 UltraBook 12.5″ Screen, Core i5 – 5th Gen., 8GB Ram, 500GB HDD, Window 10 Pro",https://www.daraz.pk/products/x250-125-i5-5th-8gb-1-gb-hdd-10-i396060643-s1923204513.html?search=1,"Rs. 38,999",,Pakistan
"HP ProBook 450 G1 i3-4200M Notebook 39.6 cm (15.6"") HD Intel® Core™ i3 4 GB DDR3-SDRAM 500 GB HDD Windows 7 Professional Black, Silver",https://www.daraz.pk/products/hp-450-g1-i3-4200m-396-156-hd-i3-4-gb-ddr3-sdram-gb-hdd-7-i406689191-s1954590112.html?search=1,"Rs. 34,999",,Free Shipping
"Daraz Like New Laptops - Dell Latitude E7470 Ultrabook Laptop: 14"" Intel I5-6300U 6th Gen, 256GB SSD, 8GB Ram, Windows 10 Pro",https://www.daraz.pk/products/daraz-like-new-laptops-dell-latitude-e7470-ultrabook-laptop-14-intel-i5-6300u-6th-gen-256gb-ssd-8gb-ram-windows-10-pro-i350264297-s1781483617.html?search=1,"Rs. 54,999",-2,Pakistan
"Daraz Like New Laptops - Lenovo ThinkPad T460 14 ""Display, Intel i5-6th Gen 2.4 GHz, 8 GB RAM, 256 GB SSD, Windows 10 Pro 64 bit",https://www.daraz.pk/products/daraz-like-new-laptops-lenovo-thinkpad-t460-14-display-intel-i5-6th-gen-24-ghz-8-gb-ram-256-gb-ssd-windows-10-pro-64-bit-i371351432-s1838088264.html?search=1,"Rs. 54,499",-1,Pakistan
"Dell Latitude E7250 12.5” Laptop, Intel i5-5300U 2.3GHz, 256GB SSD, 8GB DDR3, Windows 10 Pro",https://www.daraz.pk/products/dell-latitude-e7250-125-laptop-intel-i5-5300u-23ghz-256gb-ssd-8gb-ddr3-windows-10-pro-i269399351-s1483365690.html?search=1,"Rs. 39,999",,Pakistan
"HP ProBook 640 G2 Laptop, 14-inch HD Display, Intel Core i5-6th Gen Up to 3.0GHz, 8GB RAM, 256GB NVMe SSD, Display Port, Wi-Fi, Bluetooth, Windows 10 Pro",https://www.daraz.pk/products/hp-probook-640-g2-laptop-14-inch-hd-display-intel-core-i5-6th-gen-up-to-30ghz-8gb-ram-256gb-nvme-ssd-display-port-wi-fi-bluetooth-windows-10-pro-i398485486-s1927534668.html?search=1,"Rs. 47,999",,Pakistan
HP ELITEBOOK 840 G3 LAPTOP,https://www.daraz.pk/products/hp-840-g3-i412676681-s1972777314.html?search=1,"Rs. 60,000",,Pakistan
Dell Latitude 3400 - Core i5 8th Generation Quadcore - RAM 8GB DDR4 - 256GB SSD - 14 Inches HD Display - Backlit Keyboard,https://www.daraz.pk/products/dell-latitude-3400-core-i5-8th-generation-quadcore-ram-8gb-ddr4-256gb-ssd-14-inches-hd-display-backlit-keyboard-i405991065-s1952895049.html?search=1,"Rs. 65,500",,Free Shipping
"Lenovo ThinkPad T440 i5-4300U Notebook 35.6 cm (14"") Intel® Core™ i5 8 GB DDR3L-SDRAM 500 GB HDD Black",https://www.daraz.pk/products/t440-i5-4300u-356-14-i5-8-gb-ddr3l-sdram-gb-hdd-i406716125-s1954622510.html?search=1,"Rs. 35,500",,Free Shipping
"HP EliteBook 840 G3 Ultra Book, Core i5 6th generation, 8GB DDR Ram, 256GB Solid State Drive SSD, 14.1"" Led Display, Intel HD Graphics",https://www.daraz.pk/products/hp-840-g3-6th-i5-8gb-ddr-256gb-ssd-141-led-hd-i403931855-s1949518377.html?search=1,"Rs. 54,999",,Free Shipping
"Lenovo Thinkpad X240 Ultrabook ( 12.5-inch Display, i5-4600U 8GB RAM, 500GB, Windows 10 Pro 64",https://www.daraz.pk/products/lenovo-thinkpad-x240-ultrabook-125-inch-display-i5-4600u-8gb-ram-500gb-windows-10-pro-64-i413378048-s1971147697.html?search=1,"Rs. 36,999",,Pakistan
"Lenovo ThinkPad T450 (14 inch), i5-5th Gen, 4GB RAM, 500GB HDD, Windows 10 Pro",https://www.daraz.pk/products/lenovo-thinkpad-t450-14-inch-i5-5th-gen-4gb-ram-500gb-hdd-windows-10-pro-i413373610-s1971153484.html?search=1,"Rs. 41,499",,Pakistan
Dell Latitude E7450 - Core i5 5th Generation - 4GB RAM - 500GB HDD - 14inch Screen,https://www.daraz.pk/products/e7450-5th-i5-4gb-14-hdd-500gb-i406677899-s1954571884.html?search=1,"Rs. 41,999",,Free Shipping
Apple MacBook Pro 2012 - 128GB Storage 4GB RAM - 2.5GHz Dual-Core Core i5 - Mid 2012 13.3-inch LED Display - Dual Operating System MacOS & Windows 10 - Silver,https://www.daraz.pk/products/apple-macbook-pro-2012-128gb-storage-4gb-ram-25ghz-dual-core-core-i5-mid-2012-133-inch-led-display-dual-operating-system-macos-windows-10-silver-i420197699-s1985274853.html?search=1,"Rs. 41,999",,Pakistan
"DELL Latitude E5450 i5-5300U Notebook 35.6 cm (14"") HD Intel® Core™ i5 4 GB DDR3L-SDRAM 500 GB HDD Windows 7 Professional Black",https://www.daraz.pk/products/dell-latitude-e5450-i5-5300u-notebook-356-cm-14-hd-intel-core-i5-4-gb-ddr3l-sdram-500-gb-hdd-windows-7-professional-black-i406657292-s1954514820.html?search=1,"Rs. 40,999",,Free Shipping
HP ProBook 640 G1 Business Laptop ~Intel Core i5-4210M 2.6GHz ~ 500GB 7200RPM HHD~ 4GB DDR3 Window 10 Pro,https://www.daraz.pk/products/hp-probook-640-g1-business-laptop-intel-core-i5-4210m-26ghz-500gb-7200rpm-hhd-4gb-ddr3-window-10-pro-i399214483-s1930016043.html?search=1,"Rs. 35,999",,Pakistan
"DELL Latitude E5450 i5-5300U Notebook 35.6 cm (14"") HD Intel® Core™ i5 4 GB DDR3L-SDRAM 500 GB HDD Windows 7 Professional Black",https://www.daraz.pk/products/dell-latitude-e5450-i5-5300u-notebook-356-cm-14-hd-intel-core-i5-4-gb-ddr3l-sdram-500-gb-hdd-windows-7-professional-black-i406658012-s1954516272.html?search=1,"Rs. 41,999",,Free Shipping
"HP Elitebook 820 G3 Business Laptop, 12.5"" HD Display, Intel Core i5-6th Gen 2.4Ghz, 8GB RAM, 256GB SSD, 802.11 AC, Windows 10 Pro",https://www.daraz.pk/products/hp-elitebook-820-g3-business-laptop-125-hd-display-intel-core-i5-6th-gen-24ghz-8gb-ram-256gb-ssd-80211-ac-windows-10-pro-i399223191-s1930048002.html?search=1,"Rs. 49,999",,Pakistan
"HP 255 G6 15.6"" Laptop, AMD A6 Dual-Core Processor , 4GB RAM, 500GB HDD, AMD Radeon R4 Graphics, DVD-RW, HDMI, Bluetooth, HDMI, Webcam, Windows 10",https://www.daraz.pk/products/hp-255-g6-156-laptop-amd-a6-dual-core-processor-4gb-ram-500gb-hdd-amd-radeon-r4-graphics-dvd-rw-hdmi-bluetooth-hdmi-webcam-windows-10-i398472837-s1927528352.html?search=1,"Rs. 34,999",,Pakistan
"HP ProBook 450 G1 i3-4200M Notebook 39.6 cm (15.6"") HD Intel® Core™ i3 4 GB DDR3-SDRAM 500 GB HDD Windows 7 Professional Black, Silver",https://www.daraz.pk/products/hp-450-g1-i3-4200m-396-156-hd-i3-4-gb-ddr3-sdram-gb-hdd-7-i406691334-s1954587997.html?search=1,"Rs. 35,999",,Free Shipping
"HP EliteBook 840 G3 i5-6300U Notebook 35.6 cm (14"") Intel® Core™ i5 8 GB DDR4-SDRAM 256 GB SSD Windows 10 Pro Silver",https://www.daraz.pk/products/hp-840-g3-i5-6300u-14-i5-8-gb-ddr4-sdram-gb-ssd-10-i406696272-s1954597451.html?search=1,"Rs. 54,999",,Free Shipping
"Apple MacBook Pro 2017 2.3 GHz Intel Core i5 (13 inch Retina Display, 8GB RAM, 128GB SSD) Space Gray",https://www.daraz.pk/products/apple-macbook-pro-2017-23-ghz-intel-core-i5-13-inch-retina-display-8gb-ram-128gb-ssd-space-gray-i414217426-s1972808631.html?search=1,"Rs. 180,000",,Pakistan
"HP EliteBook 840 G3 i5-6300U Notebook 35.6 cm (14"") Intel® Core™ i5 8 GB DDR4-SDRAM 256 GB SSD Windows 10 Pro Silver",https://www.daraz.pk/products/hp-840-g3-i5-6300u-14-i5-8-gb-ddr4-sdram-gb-ssd-10-i406700239-s1954599281.html?search=1,"Rs. 54,999",,Free Shipping
"Lenovo Thinkpad T440 Ultrabook, 14 Inch Display, Intel Core i5 4th Gen 1.9GHz, 4GB RAM, 500GB, USB 3.0, WiFi, Windows 10 Pro",https://www.daraz.pk/products/lenovo-thinkpad-t440-ultrabook-14-inch-display-intel-core-i5-4th-gen-19ghz-4gb-ram-500gb-usb-30-wifi-windows-10-pro-i399235012-s1930076909.html?search=1,"Rs. 34,999",,Pakistan
"HP 255 G7 15.6"" LCD Notebook - AMD (7th Gen) A6-9225 Dual-core (2 Core) 2.60 GHz - 8 GB DDR4 SDRAM - 256 GB SSD - Windows 10 Pro 64-bit (English) - 1366 x 768 - AMD Radeon R4 Graphics DDR4 SDRAM",https://www.daraz.pk/products/hp-255-g7-156-lcd-notebook-amd-7th-gen-a6-9225-dual-core-2-core-260-ghz-8-gb-ddr4-sdram-256-gb-ssd-windows-10-pro-64-bit-english-1366-x-768-amd-radeon-r4-graphics-ddr4-sdram-i399223377-s1930048401.html?search=1,"Rs. 40,999",,Pakistan
"Lenovo ThinkPad X270 12.5"" Business Laptop Computer Intel Core i5-6300U Up to 3.0GHz 4GB RAM 128GB PCIE SSD Intel HD Graphics 520 Bluetooth 4.1 802.11ac WiFi USB-C HDMI Win 10 Pro",https://www.daraz.pk/products/lenovo-thinkpad-x270-125-business-laptop-computer-intel-core-i5-6300u-up-to-30ghz-4gb-ram-128gb-pcie-ssd-intel-hd-graphics-520-bluetooth-41-80211ac-wifi-usb-c-hdmi-win-10-pro-i402981363-s1944498078.html?search=1,"Rs. 49,999",,Pakistan
"HP ProBook 650 G1 15.6"" Business Ultrabook: Intel Core i5-4Th Gen 500GB 4GB DDR3 (1920x1080) FHD DVD - Window 10 Pro",https://www.daraz.pk/products/hp-probook-650-g1-156-business-ultrabook-intel-core-i5-4th-gen-500gb-4gb-ddr3-1920x1080-fhd-dvd-window-10-pro-i399221232-s1930021996.html?search=1,"Rs. 39,999",,Pakistan
"HP Probook 11-G2 11.6"" HD Touch-Screen Business Laptop, i3 6th Gen Intel HD Graphics 510, Windows 10 Pro 4GB 256GB SSD",https://www.daraz.pk/products/hp-probook-11-g2-116-hd-touch-screen-business-laptop-i3-6th-gen-intel-hd-graphics-510-windows-10-pro-4gb-256gb-ssd-i398492262-s1927546828.html?search=1,"Rs. 37,999",,Pakistan
"Lenovo ThinkPad T460s 14 "" FHD Display, Intel i5-6300U 6th Gen 2.6 GHz, 8 GB RAM, 256 GB SSD, Windows 10 Pro 64 bit",https://www.daraz.pk/products/lenovo-thinkpad-t460s-14-fhd-display-intel-i5-6300u-6th-gen-26-ghz-8-gb-ram-256-gb-ssd-windows-10-pro-64-bit-i399253499-s1930133062.html?search=1,"Rs. 52,999",,Pakistan
"- HP ProBook 11-G2 11.6"" HD Touch-Screen Business Laptop, i3 6th Gen Intel HD Graphics 510, Windows 10 Pro 4GB 128GB SSD",https://www.daraz.pk/products/hp-probook-11-g2-116-hd-touch-screen-business-laptop-i3-6th-gen-intel-hd-graphics-510-windows-10-pro-4gb-128gb-ssd-i399213318-s1930001761.html?search=1,"Rs. 33,999",,Pakistan
"Laptops - Lenovo ThinkPad T470s 14'' FHD (1920x1080) IPS Business Laptop (Intel Dual-Core i5-6300U, 8GB DDR4 RAM, 256GB PCIe NVMe M.2 SSD) Backlit, Fingerprint, Thunderbolt 3, Type-C, Windows 10 Pro",https://www.daraz.pk/products/t470s-14-fhd-1920-ips-8gb-ddr4-1-gb-pcie-nvme-m2-ssd-3-c-10-s9-i396073180-s1922678201.html?search=1,"Rs. 60,999",,Pakistan
LAPTOP HP - EliteBook 840G5 - CORE I5 -8TH GENERATION- 16GB RAM - 256GB SSD - Windows® 10 Activated - FREE LAPTOP BAG,https://www.daraz.pk/products/hp-840g5-16gb-8th-i5-256gb10-i364733340-s1922298444.html?search=1,"Rs. 82,999",,Pakistan
"Apple MacBook Air A1466 (13-inch, Early 2015) - 1.6GHz Core i5 4GB RAM, 128GB SSD macOS Big Sur (Silver)",https://www.daraz.pk/products/apple-macbook-air-a1466-13-inch-early-2015-16ghz-core-i5-4gb-ram-128gb-ssd-macos-big-sur-silver-i394227605-s1918418311.html?search=1,"Rs. 58,999",,Free Shipping
Razer Gold Pin 150$ instant,https://www.daraz.pk/products/razer-gold-pin-150-instant-i405629477-s1952149515.html?search=1,"Rs. 49,950",-11,Pakistan
"Haier 32"" H-CAST LED/TV D2M Series/32D2M / 2 Years Brand Warranty",https://www.daraz.pk/products/haier-32-h-cast-ledtv-d2m-series32d2m-2-years-brand-warranty-i204688083-s1406066285.html?search=1,"Rs. 35,999",-683,Pakistan
PUBG mobile 16400,https://www.daraz.pk/products/pubg-mobile-16400-i412273798-s1969476088.html?search=1,"Rs. 49,994",-21,Pakistan
EDIFIER R1700BTs Active Bluetooth Bookshelf Speakers - 2.0 Wireless Near Field Studio Monitor Speaker - 66w RMS with Subwoofer Line Out,https://www.daraz.pk/products/edifier-r1700bts-active-bluetooth-bookshelf-speakers-20-wireless-near-field-studio-monitor-speaker-66w-rms-with-subwoofer-line-out-i223343595-s1915145730.html?search=1,"Rs. 32,000",-20,Free Shipping
HP Z400 Gaming PC Xeon W3550 3.06 GHz - 16GB Ram - 240 SSD 1TB Hard drive - WIFI - 4GB Graphic card 3 Games Installed,https://www.daraz.pk/products/hp-z400-gaming-pc-xeon-w3550-306-ghz-16gb-ram-240-ssd-1tb-hard-drive-wifi-4gb-graphic-card-3-games-installed-i113252395-s1264936790.html?search=1,"Rs. 60,000",-51,Pakistan
Optiplex 9010 - 23Inches All In One System - Core i5 3rd Generation - 8GB DDR3 RAM - 250GB HDD - WEBCAM - Silver (Renewed),https://www.daraz.pk/products/optiplex-9010-23inches-all-in-one-system-core-i5-3rd-generation-8gb-ddr3-ram-250gb-hdd-webcam-silver-renewed-i363141360-s1813879000.html?search=1,"Rs. 32,700",-8,Free Shipping
"GLOBAL RAZER Premium Quality Imported Gaming Chair with Reclining Option, Adjustable Arm, with smooth wheels",https://www.daraz.pk/products/-i219960931-s1433003899.html?search=1,"Rs. 32,000",-70,Free Shipping
PUBG mobile 21700 UC,https://www.daraz.pk/products/pubg-mobile-21700-uc-i413679149-s1971693559.html?search=1,"Rs. 49,950",-6,Pakistan
ROBLOX GIFT CARD 100 USD (10000 ROBUX),https://www.daraz.pk/products/roblox-gift-card-100-usd-10000-robux-i412620758-s1970057724.html?search=1,"Rs. 35,799",,Pakistan
HP LaserJet Pro MFP M29W Black Printer,https://www.daraz.pk/products/hp-mfp-m29w-i150032534-s1314194021.html?search=1,"Rs. 53,999",-25,Pakistan
"Edifier R2850DB 3-Way Active speakers, 150W RMS , Bookshelf Speakers, Studio Monitor Speakers, Bluetooth V5.1",https://www.daraz.pk/products/r2850db-3-150-rms-v51-i314974783-s1679509779.html?search=1,"Rs. 75,000",-3,Free Shipping
Thunder air gaming chair,https://www.daraz.pk/products/-i418451805-s1982209523.html?search=1,"Rs. 31,800",-2,Pakistan
NVIDIA GFORCE GTX ZOTAC GAMING GRAPHIC,https://www.daraz.pk/products/nvidia-gtx-zotac-i383496419-s1885447288.html?search=1,"Rs. 43,600",,Pakistan
USD 100 $ Playstation Giftcard PSN Gift Card - USA,https://www.daraz.pk/products/usd-100-psn-usa-i237890303-s1457111084.html?search=1,"Rs. 30,990",-20,Free Shipping
XBOX SERIES S CONSOLE 512GB SSD-WHITE-DIGITAL ONLY,https://www.daraz.pk/products/xbox-s-512gb-i224173408-s1442230227.html?search=1,"Rs. 99,000",-59,Pakistan
"Edifier S350DB 2.1 Multimedia Speaker Bluetooth v4.1 aptX, AUX, RCA, optical, and coaxial",https://www.daraz.pk/products/edifier-s350db-21-multimedia-speaker-bluetooth-v41-aptx-aux-rca-optical-and-coaxial-i103216192-s1915148666.html?search=1,"Rs. 65,000",-24,Free Shipping
RTS NEON Rope Light | 1M to 50M Waterproofs NEON Lights for Room | All Colors Available,https://www.daraz.pk/products/rts-neon-rope-light-1m-to-50m-waterproofs-neon-lights-for-room-all-colors-available-i366740203-s1978464692.html?search=1,"Rs. 30,000",-6,Free Shipping
HP Neverstop Laser MFP 1200w,https://www.daraz.pk/products/hp-neverstop-laser-mfp-1200w-i144874886-s1306590665.html?search=1,"Rs. 65,699",-5,Pakistan
Black and White Laser Printer Brother HL-L2320D,https://www.daraz.pk/products/hl-l2320d-i218458882-s1429917223.html?search=1,"Rs. 52,999",-14,Pakistan
Complete Docoments Solution Photocopier Printer Scanner and Faxer HP LaserJet M1522nf Multifunction Printer with 1 Asian Paper Ream Complete Package by Asain Traders with Warranty,https://www.daraz.pk/products/hp-m1522nf-1-i421178577-s1988581034.html?search=1,"Rs. 36,399",-3,Pakistan
Sony PlayStation 5 - Ps5 Console Disc Edition - White,https://www.daraz.pk/products/aaaaaaaa-aaaaaa-aaaaaaaaaaaa-5-ps5-aaaaaaaaaa-aaaaaa-aaaaaaaaaaaa-aaaaaaaa-i241809659-s1460978151.html?search=1,"Rs. 219,999",-43,Pakistan
wordpress website Developer,https://www.daraz.pk/products/-i291215016-s1564820446.html?search=1,"Rs. 40,000",-27,Pakistan
HP Laser Multi Function Printer 135w,https://www.daraz.pk/products/hp-135-i126446964-s1284830059.html?search=1,"Rs. 64,964",-25,Pakistan
Brother DCP-T220 All in One / Color Inkjet Printer with Ink Tank System,https://www.daraz.pk/products/dcp-t220-i219388352-s1431717255.html?search=1,"Rs. 59,999",-37,Pakistan
Optiplex 9010 - 23inches All-In-One System - Core i5 3rd Generation - 8GB DDR3 RAM - 250GB HDD - Renewed,https://www.daraz.pk/products/optiplex-9010-23inches-all-in-one-system-core-i5-3rd-generation-8gb-ddr3-ram-250gb-hdd-renewed-i246462960-s1464504730.html?search=1,"Rs. 33,500",-8,Pakistan
HP LaserJet Pro M15w - Wireless Laser Printer - White,https://www.daraz.pk/products/hp-m15w-i103484839-s1249636989.html?search=1,"Rs. 50,900",-178,Pakistan
Razer Gold USA $100 Card - Digital code instant to 15 minuts,https://www.daraz.pk/products/usa-100-15-i163806871-s1331196074.html?search=1,"Rs. 33,500",-32,Pakistan
Epson L805 Wi-Fi Photo Ink Tank Printer,https://www.daraz.pk/products/l805-wifi-i138034344-s1298130939.html?search=1,"Rs. 111,700",-36,Pakistan
google play gift card fast dilever 10 mint,https://www.daraz.pk/products/google-play-gift-card-fast-dilever-10-mint-i407492830-s1956078326.html?search=1,"Rs. 49,999",-6,Pakistan
Optiplex All in one 9010 #AIO - 23 INCHES TOUCH SCREEN- 8 GB RAM - 500 GB HDD - CAMERA - WIFI -,https://www.daraz.pk/products/optiplex-all-in-one-9010-aio-23-inches-touch-screen-8-gb-ram-500-gb-hdd-camera-wifi-i143440184-s1304442513.html?search=1,"Rs. 39,999",-7,Free Shipping
PLAYSTATION NETWORK TOP UP GIFT CARD - PSN UK £100,https://www.daraz.pk/products/playstation-network-top-up-gift-card-psn-uk-100-i412625535-s1970059414.html?search=1,"Rs. 40,499",,Pakistan
"Racing Wheel PXN - V9 Pro Racing Game Steering Wheel with Responsive Gear and Pedals & Manual Transmission Vibration Compatible PC , PS3 , PS4, PS5, XBOX",https://www.daraz.pk/products/racing-wheel-pxn-v9-pro-racing-game-steering-wheel-with-responsive-gear-and-pedals-manual-transmission-vibration-compatible-pc-ps3-ps4-ps5-xbox-i247702158-s1465524069.html?search=1,"Rs. 39,400",-39,Pakistan
Edifier T5 Powered Subwoofer - 70w RMS Active Woofer with 8 inch Driver and Low Pass Filter,https://www.daraz.pk/products/edifier-t5-powered-subwoofer-70w-rms-active-woofer-with-8-inch-driver-and-low-pass-filter-i313772334-s1918608190.html?search=1,"Rs. 32,000",-9,Free Shipping
"Core I5 3rd Generation TouchScreen All In One System - Lenovo C540 AIO - Ram 8GB DDR3 - 500GB HDD - WIFI, WEBCAM - Black (Renewed)",https://www.daraz.pk/products/core-i5-3rd-generation-touchscreen-all-in-one-system-lenovo-c540-aio-ram-8gb-ddr3-500gb-hdd-wifi-webcam-black-renewed-i227744630-s1448030445.html?search=1,"Rs. 42,000",-3,Pakistan
OptiPlex 790 Tower Gaming PC Core i5 8GB RAM 1TB Hard free Keyboard Mouse Wifi Desktop GTA 5 Games Installed,https://www.daraz.pk/products/790-8gb-i5-1tb-wifi-gta-5-i108338194-s1257572883.html?search=1,"Rs. 39,799",-22,Pakistan
HP Laser Multi Function Printer 135a,https://www.daraz.pk/products/hp-135a-i126540072-s1284784765.html?search=1,"Rs. 58,700",-12,Pakistan
Buy one Get One Free Asian Paper Ream with HP M401n Monochrome Printer with Networking Features By Asian Traders with Returned Warranty,https://www.daraz.pk/products/hp-m401n-i421180233-s1988571242.html?search=1,"Rs. 30,999",-3,Pakistan
TCL 55P635 4K HDR Google TV,https://www.daraz.pk/products/tcl-55p635-4k-hdr-google-tv-i363929150-s1815156231.html?search=1,"Rs. 139,999",-1,Pakistan
HP Laser MFP 135w Printer Multi Functional Wireless ( Printer Copier Scanner ),https://www.daraz.pk/products/hp-mfp-135w-i1834618-s9775350.html?search=1,"Rs. 71,999",-4,Free Shipping
Brother DCP-T420W Wireless All in One Color Inkjet Printer with Ink Tank System,https://www.daraz.pk/products/dcp-t420w-i219370845-s1431696240.html?search=1,"Rs. 84,000",-42,Pakistan
HP Laserjet Enterprise 600 Printer M601n Monochrome Heavy Duty Printer with Returned Warranty By Asian Traders,https://www.daraz.pk/products/hp-600-m601n-i421776798-s1995462967.html?search=1,"Rs. 43,990",,Pakistan
HP LaserJet Pro M404dw,https://www.daraz.pk/products/hp-laserjet-pro-m404dw-i144478323-s1305936766.html?search=1,"Rs. 111,740",-4,Pakistan
HP LaserJet MFP 137fnw Printer,https://www.daraz.pk/products/hp-laserjet-mfp-137fnw-printer-i219165688-s1431227182.html?search=1,"Rs. 74,100",-7,Pakistan
HP LaserJet P2055dn Network Laser Printer,https://www.daraz.pk/products/hp-p2055dn-i167798790-s1336822732.html?search=1,"Rs. 35,000",-2,Pakistan
"Edifier S1000MKII Audiophile Active Bookshelf 2.0 Speakers - 120w Speakers Bluetooth 5.0 with aptX HD - Optical Input - S1000MK2 Powered Near-Field Monitor Speaker with Class D Amplifier ,speakers Hi-Res Audio Supported.",https://www.daraz.pk/products/edifier-s1000mkii-audiophile-active-bookshelf-20-speakers-120w-speakers-bluetooth-50-with-aptx-hd-optical-input-s1000mk2-powered-near-field-monitor-speaker-with-class-d-amplifier-speakers-hi-res-audio-supported-i390069827-s1918255538.html?search=1,"Rs. 65,000",,Free Shipping
Brother HL-L5200DW Black and White Laser Printer,https://www.daraz.pk/products/hl-l5200dw-i218461852-s1429902000.html?search=1,"Rs. 99,999",-1,Pakistan
OptiPlex 7010 Tower Gaming PC Core i7 3 gen 8GB RAM 1TB Hard free Keyboard Mouse Wifi Desktop GTA 5 Games Installed,https://www.daraz.pk/products/7010-i7-3-8gb-1tb-wifi-gta-5-i107730138-s1256428142.html?search=1,"Rs. 60,000",-10,Pakistan
EASE G27I16 27″ 2K IPS Gaming Monitor,https://www.daraz.pk/products/g27i16-27-2k-ips-i413204870-s1970932150.html?search=1,"Rs. 78,000",-1,Pakistan
"HP Victus 16-D0023DX Gaming Laptop 11th Gen Core i5-11400H, 8GB DDR4, 256GB SSD, NVIDIA RTX3050 4GB, 16.1"" FHD IPS, Windows 11 Home",https://www.daraz.pk/products/hp-16-d0023dx-11th-i5-11400h-8gb-ddr4-256gb-ssd-nvidia-rtx3050-4gb-161-fhd-ips-11-i421257160-s1988930202.html?search=1,"Rs. 195,000",,Pakistan
"P2419H Borderless 24 inch LED Full High Definition IPS LED Monitor, Black",https://www.daraz.pk/products/p2419h-borderless-24-inch-led-full-high-definition-ips-led-monitor-black-i418532136-s1982349100.html?search=1,"Rs. 31,999",-1,Free Shipping
Elgato 15 Programmable LCD Keys Stream Deck,https://www.daraz.pk/products/15-lcd-i240918833-s1460059468.html?search=1,"Rs. 38,950",-1,Pakistan
NEW GAMING PC - CORE I5 10400F - 10TH GEN BOOST UPTO 4.30GHZ - RAM 16GB DDR4 - 256GB SSD - 500GB HARD - SIDE GLASS RGB CASE - GTX1660 SUPER GDDR6 6GB GRAPHICS CARD,https://www.daraz.pk/products/new-gaming-pc-core-i5-10400f-10th-gen-boost-upto-430ghz-ram-16gb-ddr4-256gb-ssd-500gb-hard-side-glass-rgb-case-gtx1660-super-gddr6-6gb-graphics-card-i387861624-s1910965932.html?search=1,"Rs. 144,500",-1,Free Shipping
Metal gold Detector Waterproof with High Accuracy,https://www.daraz.pk/products/-i423007736-s2002410520.html?search=1,"Rs. 35,000",,Pakistan
Optiplex 9020 All in one PC core i5 4th gen- 8 GB Ram- 500 GB HDD- 23 INCHES TOUCH DISPLAY,https://www.daraz.pk/products/optiplex-9020-all-in-one-pc-core-i5-4th-gen-8-gb-ram-500-gb-hdd-23-inches-touch-display-i138216016-s1298308612.html?search=1,"Rs. 45,999",-5,Free Shipping
Optiplex 9010 Touchscreen - 23Inches All In One System - Core i5 3rd Generation - 8GB DDR3 RAM - 500GB HDD - WiFi - WEBCAM - Silver (Renewed),https://www.daraz.pk/products/optiplex-9010-touchscreen-23inches-all-in-one-system-core-i5-3rd-generation-8gb-ddr3-ram-500gb-hdd-wifi-webcam-silver-renewed-i388065117-s1911253198.html?search=1,"Rs. 38,500",-1,Free Shipping
HP ProOne 400G2 All-In-One - Core i3 6th Generation - 4GB DDR4 RAM - 500GB HARD - 20Inches Display,https://www.daraz.pk/products/hp-proone-400g2-all-in-one-core-i3-6th-generation-4gb-ddr4-ram-500gb-hard-20inches-display-i401771774-s1939346771.html?search=1,"Rs. 33,500",,Free Shipping
HP Z230 Gaming PC - Intel Xeon E3-1220 V3 - 16GB Ram - 256GB SSD 500GB Hard Graphic card 2GB DDR5 128Bit,https://www.daraz.pk/products/hp-z230-16gb-v3-e3-1220-gb-128-ddr5-2gb-ssd-1-gb-i422518941-s1998995319.html?search=1,"Rs. 48,000",,Free Shipping
PUBG mobile 15500 UC,https://www.daraz.pk/products/pubg-mobile-15500-uc-i412271874-s1969472188.html?search=1,"Rs. 44,994",,Pakistan
PlayStation 3 Ultra Slim with 2 wireless controllers 500gb with 30 games | PS3 refurbished,https://www.daraz.pk/products/3-2-500gb-50-ps3-i275462931-s1856897684.html?search=1,"Rs. 31,811",-5,Pakistan
Edifier R501BT Class D amplifier with Digital Signal Processing (DSP) technology Home Theater,https://www.daraz.pk/products/edifier-r501bt-class-d-amplifier-with-digital-signal-processing-dsp-technology-51-home-theater-i131739169-s1291770240.html?search=1,"Rs. 62,000",-14,Free Shipping
16200 uc pubg mobile,https://www.daraz.pk/products/16200-uc-pubg-mobile-i410845763-s1964244056.html?search=1,"Rs. 49,998",-2,Pakistan
Google Nest Hub 7” Smart Display with Google Assistant (2nd Gen),https://www.daraz.pk/products/google-nest-hub-7-smart-display-with-google-assistant-2nd-gen-i268453346-s1482824033.html?search=1,"Rs. 34,500",-12,Pakistan
OptiPlex 790 Tower Gaming PC Core i5 2nd gen 8GB RAM 500GB Hard 19 Inch wide Screen LED free Keyboard Mouse Wifi Desktop GTA 5 Games Installed,https://www.daraz.pk/products/790-8gb-i5-1-gb-19-led-wifi-gta-5-i116138503-s1268260895.html?search=1,"Rs. 55,000",-10,Pakistan
Kingston NVMe PCIe m.2 SSD NV2,https://www.daraz.pk/products/kingston-nvme-pcie-m2-ssd-nv2-i362848580-s1823608959.html?search=1,"Rs. 30,932",-9,Free Shipping
Nintendo Switch OLED Model White Joy-Con - White,https://www.daraz.pk/products/oled-i257110886-s1473978208.html?search=1,"Rs. 98,000",-8,Pakistan
"Samsung C24F390FHM 24"" Curved Monitor VA Panel FHD FreeSync",https://www.daraz.pk/products/c24f390fhm-24-va-fhd-i177816595-s1354248178.html?search=1,"Rs. 80,960",-2,Pakistan
Xbox Series X Console 1TB SSD Black - NEW,https://www.daraz.pk/products/xbox-series-x-console-1tb-ssd-black-new-i225376202-s1444179626.html?search=1,"Rs. 179,000",-23,Pakistan
"Haier 55"" HQ LED/TV P7 Series/H55P7UX (4K UHD Google TV + Certified Android Smart + Ultra Slim)/2 Years Warranty",https://www.daraz.pk/products/haier-55-hq-ledtv-p7-seriesh55p7ux-4k-uhd-google-tv-certified-android-smart-ultra-slim2-years-warranty-i421509553-s1991737094.html?search=1,"Rs. 150,399",-1,Pakistan
"LEO 150WQ150-24-18.5(4P) , 18500 WATT / 25 HP , HEAVY DUTY SEWAGE SUBMERSIBLE PUMP , EURPEON STANDARD",https://www.daraz.pk/products/leo-150wq150-24-1854p-18500-watt-25-hp-heavy-duty-sewage-submersible-pump-eurpeon-standard-i374334557-s1855863259.html?search=1,"Rs. 1,400,000",,Pakistan
HP Z400 Gaming PC Xeon quad-core w3550 - 16GB Ram - 1TB Hard drive - R7 350x 4Gb DDR3128bit Graphic Card - GTA 5 & PUBG or Call Of Duty Games Installed,https://www.daraz.pk/products/hp-z400-xeon-16gb-w3550-1tb-r7-350x4gb-ddr3128bit-gta-5-pubg-i225939894-s1445161747.html?search=1,"Rs. 75,000",-13,Pakistan
ET2410 All In One - I3 2nd generation Touchscreen AIO - 4gb RAM - 250gb Hard - Webcam - Renewed,https://www.daraz.pk/products/hp-touchsmart-610-all-in-one-i3-2nd-generation-touchscreen-aio-4gb-ram-250gb-hard-wifi-webcam-renewed-i228242232-s1448778892.html?search=1,"Rs. 30,500",-4,Pakistan
UltraSharp U2414H 24” Inch Screen FHD 1080p LED Monitor | Gaming | Graphics,https://www.daraz.pk/products/u2414h-24-fhd-1080p-led-i414715447-s1973569932.html?search=1,"Rs. 31,999",-1,Free Shipping
NINTENDO SWITCH OLED N-SWITCH OLED,https://www.daraz.pk/products/nintendo-switch-oled-n-switch-oled-i258277323-s1483503867.html?search=1,"Rs. 99,500",-11,Pakistan
PLAYSTATION NETWORK TOP UP GIFT CARD - PSN USA $100,https://www.daraz.pk/products/playstation-network-top-up-gift-card-psn-usa-100-i401625967-s1938448906.html?search=1,"Rs. 35,999",,Pakistan
LG v60 thinq 5g Mobile 8 GB Ram 128 GB Rom Snapdragon 865 processor,https://www.daraz.pk/products/lg-v60-thinq-5g-mobile-8-gb-ram-128-gb-rom-snapdragon-865-processor-i413082109-s1998048108.html?search=1,"Rs. 54,000",-7,Pakistan
Xbox one 500Gb with 1 Original Wireless Controller and 2 Month Of Games Pass Ultimate,https://www.daraz.pk/products/xbox-one-500gb-with-1-original-wireless-controller-and-2-month-of-games-pass-ultimate-i368196261-s1914825221.html?search=1,"Rs. 40,000",-2,Pakistan
Logitech G29 Driving Force Racing Wheel for PlayStation 4 PlayStation 5 & PC,https://www.daraz.pk/products/logitech-g29-driving-force-racing-wheel-for-playstation-4-playstation-5-pc-i354634824-s1911986487.html?search=1,"Rs. 74,800",-2,Free Shipping
PUBG mobile 12500 UC,https://www.daraz.pk/products/pubg-mobile-12500-uc-i412280724-s1969471219.html?search=1,"Rs. 34,994",,Pakistan
B450 TUFF Gaming MOBO - RYZEN 5 3600 PROCESSOR - REDDRAGON CASING 4 RGB Fans - 8 x 2 GAMING RAM DDR4- 256 GB nvme - 1 TB HDD - RTX 3060 AMP Edition White GDDR6,https://www.daraz.pk/products/b450-tuff-gaming-mobo-ryzen-5-3600-processor-reddragon-casing-4-rgb-fans-8-x-2-gaming-ram-ddr4-256-gb-nvme-1-tb-hdd-rtx-3060-amp-edition-white-gddr6-i188284922-s1377352633.html?search=1,"Rs. 199,999",-3,Free Shipping
"Lenovo ThinkPad Core i5 4th Generation - 8GB RAM , 500GB Hard Drive - 3Hours+ Battery Backup",https://www.daraz.pk/products/lenovo-thinkpad-core-i5-4th-generation-8gb-ram-500gb-hard-drive-3hours-battery-backup-i298288312-s1613264900.html?search=1,"Rs. 42,000",-4,Pakistan
Joyusing V160 pro Book Scanner,https://www.daraz.pk/products/joyusing-v160-pro-book-scanner-i209616932-s1416080254.html?search=1,"Rs. 96,900",,Pakistan
Audionic Reborn RB-110 (LED TV Home Theater System),https://www.daraz.pk/products/rb-110-led-tv-i407552812-s1956143190.html?search=1,"Rs. 34,999",,Free Shipping
SanDisk Extreme Portable SSD External SSD 1TB Up to 1050MB/s USB-C USB 3.2 GEN2,https://www.daraz.pk/products/sandisk-extreme-portable-ssd-external-ssd-1tb-up-to-1050mbs-usb-c-usb-32-gen2-i263199838-s1480404670.html?search=1,"Rs. 34,500",-13,Free Shipping
"8th Generation Core i5 SFF PC, i5 8th Gen Processor, 8GB DDR4 RAM, 256GB NVMe M.2, 4GB UHD 4K Built-in Graphics",https://www.daraz.pk/products/8th-generation-core-i5-sff-pc-i5-8th-gen-processor-8gb-ddr4-ram-256gb-nvme-m2-4gb-uhd-4k-built-in-graphics-i362154026-s1812415795.html?search=1,"Rs. 59,500",-1,Pakistan
Nintendo Switch Console - Neon Blue and Red Joy-Con,https://www.daraz.pk/products/-i225876605-s1445063810.html?search=1,"Rs. 88,900",-5,Pakistan
Sony HXR-NX200 4K Professional Camcorder,https://www.daraz.pk/products/hxr-nx200-4k-i423023595-s2002369776.html?search=1,"Rs. 47,999",,Free Shipping
CZUR AURA,https://www.daraz.pk/products/czur-aura-i132222438-s1292451473.html?search=1,"Rs. 139,999",,Pakistan
"TL-1700 Mobile TV Bracket, Rooling TV Stand with Wheels for 32 to 70 Inch LCD LED OLED (Black)",https://www.daraz.pk/products/tl-1700-tv-tv-32-70-lcd-led-oled-i416433574-s1977639565.html?search=1,"Rs. 32,500",-1,Pakistan
Astroneer Xbox for digital key,https://www.daraz.pk/products/astroneer-xbox-for-digital-key-i343105088-s1764002195.html?search=1,"Rs. 49,994",-18,Pakistan
TCL 40 Inch Model L40S6500 Android Smart Led TV Bezel Less FHD HDR function Google Assistant Chromecast built-in 2 Years Official Warranty,https://www.daraz.pk/products/tcl-40-inch-model-l40s6500-android-smart-led-tv-bezel-less-fhd-hdr-function-google-assistant-chromecast-built-in-2-years-official-warranty-i351139616-s1885450532.html?search=1,"Rs. 74,899",-7,Pakistan
dell 7020 Gaming PC Desktop Intel Core i5 4th Gen 1TB Hard Drive 8GB Ram 23 inch LED Screen 2GB graphic Card GTA 5 & PUBG or Call Of Duty Games Installed,https://www.daraz.pk/products/dell-7020-gaming-pc-desktop-intel-core-i5-4th-gen-1tb-hard-drive-8gb-ram-23-inch-led-screen-2gb-graphic-card-gta-5-pubg-or-call-of-duty-games-installed-i208936088-s1414802103.html?search=1,"Rs. 60,000",,Pakistan
Marshall Earbuds Mode II - 6Months Seller Warranty,https://www.daraz.pk/products/marshall-earbuds-mode-ii-6months-seller-warranty-i422397732-s1998721449.html?search=1,"Rs. 72,950",,Pakistan
HP ProOne 400G2 All-In-One - Core i5 6th Generation - 4GB DDR4 RAM - 500GB HARD - 20Inches Display,https://www.daraz.pk/products/hp-proone-400g2-all-in-one-core-i5-6th-generation-4gb-ddr4-ram-500gb-hard-20inches-display-i413401996-s1971193390.html?search=1,"Rs. 39,800",,Free Shipping
Audionic Reborn RB-95 2.1 Channel Speaker Home Theater,https://www.daraz.pk/products/rb-95-i346023715-s1773070773.html?search=1,"Rs. 34,808",-1,Free Shipping
WINDTOP AE2281 MSI #AIO - 22 INCHES TOUCH SCREEN- 8 GB RAM - 500 GB HDD - CAMERA - WIFI - Core i5 3rd gen,https://www.daraz.pk/products/windtop-ae2281-msi-aio-22-inches-touch-screen-8-gb-ram-500-gb-hdd-camera-wifi-core-i5-3rd-gen-i266032400-s1481893327.html?search=1,"Rs. 32,499",,Free Shipping
OptiPlex 990 Tower Gaming PC Core i5 8GB RAM 500GB Hard free Keyboard Mouse Desktop GTA 5 Games Installed,https://www.daraz.pk/products/990-i5-8gb-500gb-gta-5-i108354561-s1257626749.html?search=1,"Rs. 32,699",-3,Pakistan
Echo Show 8 HD smart display with Alexa – stay connected with video calling - Charcoal,https://www.daraz.pk/products/8-hd-i200404768-s1398424488.html?search=1,"Rs. 32,000",,Pakistan
Marshall Airbuds Minor 3 - 6Months Seller Warranty,https://www.daraz.pk/products/marshall-airbuds-minor-3-6months-seller-warranty-i422396977-s1998724465.html?search=1,"Rs. 57,110",,Pakistan
soler panel 500 watt mono perk by official,https://www.daraz.pk/products/soler-panel-500-watt-mono-perk-by-official-i407868230-s1956784426.html?search=1,"Rs. 57,000",,Pakistan
Steam Deck 64Gb All in one portable PC gaming.,https://www.daraz.pk/products/64gb-i421274955-s1989036764.html?search=1,"Rs. 166,000",-1,Pakistan
"Apple iPhone 14 Pro Max - 6.7"" Inch Display - Physical Sim + ESim - PTA Approved - 1 Year Official Mercantile Warranty",https://www.daraz.pk/products/apple-iphone-14-pro-max-67-inch-display-physical-sim-esim-pta-approved-1-year-official-mercantile-warranty-i401723923-s1950260315.html?search=1,"Rs. 589,999",,Pakistan
Yamaha Music Soundbar Speaker built-in Alexa YAS 109,https://www.daraz.pk/products/yas-109-i267572888-s1482547270.html?search=1,"Rs. 70,200",-4,Pakistan
Pubg Mobile 63Uc For Pakistan-5 Minutes Delivery,https://www.daraz.pk/products/pubg-63uc-5-i420203976-s1985279409.html?search=1,"Rs. 50,000",-1,Pakistan
HUION Inspiroy WH1409 V2 Wireless Graphics Drawing Pen Tablet with 12 Express Keys and Battery-Free Pen for Mac and Windows,https://www.daraz.pk/products/wh1409-v2-10-12-i227880882-s1448285373.html?search=1,"Rs. 33,980",-8,Pakistan
RAZER - Imported Gaming Chair,https://www.daraz.pk/products/razer-imported-gaming-chair-i281967538-s1516097833.html?search=1,"Rs. 32,000",,Pakistan
OptiPlex 790 Sff Gaming PC Core i5 2nd 16GB RAM 1TB Hard free Keyboard Mouse All Cables 2 GB Graphic Card 19 inch wide LED Call Of Duty GTA 5 & PUBG Games Installed,https://www.daraz.pk/products/optiplex-790-sff-gaming-pc-core-i5-8gb-ram-1tb-hard-free-keyboard-mouse-cables-2-gb-graphic-card-call-of-duty-gta-5-pubg-games-installed-i191994812-s1384044667.html?search=1,"Rs. 41,999",,Pakistan
Oculus Quest 2 VR Advanced All-In-One Virtual Reality ps4 Headset - 256 GB,https://www.daraz.pk/products/2-vr-ps4-256-gb-i253747024-s1470354701.html?search=1,"Rs. 199,999",-11,Pakistan
gaming chair revolving mesh,https://www.daraz.pk/products/gaming-chair-revolving-mesh-i220728474-s1434596683.html?search=1,"Rs. 32,500",-8,Pakistan
"Haier 50"" HQ LED/TV P7 Series/H50P7UX (4K UHD Google TV + Certified Android Smart + Ultra Slim)/2 Years Warranty",https://www.daraz.pk/products/haier-50-hq-ledtv-p7-seriesh50p7ux-4k-uhd-google-tv-certified-android-smart-ultra-slim2-years-warranty-i421397809-s1990442058.html?search=1,"Rs. 127,999",,Pakistan
Mini PC Lenovo ThinkCentre M700 Tiny,https://www.daraz.pk/products/m700-i254341915-s1470807488.html?search=1,"Rs. 34,500",-2,Free Shipping
1st Player Steampunk SP8 ATX/M-ATX Gaming Case,https://www.daraz.pk/products/1st-sp8-atxm-atx-i289924687-s1558476139.html?search=1,"Rs. 36,000",-1,Free Shipping
Logitech G29 Racing Wheel For PS4 PS5 PlayStation 4 PlayStation 5 Logitech G29 Driving Force PS4 PS5 PC,https://www.daraz.pk/products/g29-ps4-ps5-4-5-g29-ps4-ps5-i290196937-s1816417088.html?search=1,"Rs. 79,800",-2,Pakistan
Xbox 360 Console Pre Jasper 1000gb 200 Games installed Jailbreak || 2 wireless Controllers,https://www.daraz.pk/products/xbox-1-000-360-gb-2-i421279656-s1989010424.html?search=1,"Rs. 30,999",,Pakistan
Desktop 9010 Tower Gaming Intel Core i5-3470 3.2GHz 3rd Generation 16GB 1TB Hard 19 Inch wide Screen LED free Keyboard Mouse Desktop GTA 5 Games Installed,https://www.daraz.pk/products/9010-i5-3470-ghz-3rd-8gb1tb-19-led-wifi-gta-5-i137406041-s1297544785.html?search=1,"Rs. 41,999",,Pakistan
evaluate your web application software,https://www.daraz.pk/products/evaluate-your-web-application-software-i410690147-s1963966246.html?search=1,"Rs. 49,000",,Pakistan
Samsung T7 Touch Portable SSD 1050MB/s 2-Years Warranty,https://www.daraz.pk/products/t7-ssd-1tb-1050-mbs-2-i296190554-s1598042455.html?search=1,"Rs. 40,290",-1,Pakistan
Apple AirPods with wired Charging Case (2nd generation),https://www.daraz.pk/products/apple-airpods-with-wired-charging-case-2nd-generation-i392994513-s1918475738.html?search=1,"Rs. 39,999",-8,Pakistan
"Dell OptiPlex 7050 Tower 7th Generation Barebone With Core i7 7th Generation Processor 4 Cores Processor Max Turbo Frequency 4.00GHz + DDR-4 16GB Ram + 500GB HDD + 512GB SSD + 22"" inch LED Monitor",https://www.daraz.pk/products/dcll-7050-7th-i7-7th-4-400ghz-16gb-ddr-4-gb-hdd-500gb-ssd-22-led-i253603407-s1470220547.html?search=1,"Rs. 100,500",-3,Pakistan
